onset	duration	sample	trial_type	response_time	stim_file	value
0.0000000000	n/a	n/a	STATUS	n/a	n/a	boundary
503.3620000000	n/a	n/a	Trn Stim: yellow congru D	n/a	n/a	S114
504.1200000000	n/a	n/a	Trn Resp: left,correct	n/a	n/a	S101
504.1940000000	n/a	n/a	FB: 0	n/a	n/a	S  9
506.2800000000	n/a	n/a	Trn Stim: yellow incongru C	n/a	n/a	S123
506.9000000000	n/a	n/a	Trn Resp: left,correct	n/a	n/a	S101
506.9640000000	n/a	n/a	FB: +1	n/a	n/a	S  8
509.0480000000	n/a	n/a	Trn Stim: blue congru B	n/a	n/a	S212
509.7520000000	n/a	n/a	Trn Resp: right,correct	n/a	n/a	S102
509.8160000000	n/a	n/a	FB: +1	n/a	n/a	S  8
511.9000000000	n/a	n/a	Trn Stim: blue incongru B	n/a	n/a	S222
512.5520000000	n/a	n/a	Trn Resp: right,correct	n/a	n/a	S102
512.6180000000	n/a	n/a	FB: 0	n/a	n/a	S  9
514.7020000000	n/a	n/a	Trn Stim: yellow incongru D	n/a	n/a	S124
515.4000000000	n/a	n/a	Trn Resp: left,correct	n/a	n/a	S101
515.4700000000	n/a	n/a	FB: 0	n/a	n/a	S  9
517.5560000000	n/a	n/a	Trn Stim: blue congru C	n/a	n/a	S213
518.7280000000	n/a	n/a	Trn Resp: right,correct	n/a	n/a	S102
518.7900000000	n/a	n/a	FB: 0	n/a	n/a	S  9
520.8740000000	n/a	n/a	Trn Stim: blue incongru D	n/a	n/a	S224
521.8320000000	n/a	n/a	Trn Resp: right,correct	n/a	n/a	S102
521.8920000000	n/a	n/a	FB: 0	n/a	n/a	S  9
523.9760000000	n/a	n/a	Trn Stim: yellow incongru D	n/a	n/a	S124
524.6600000000	n/a	n/a	Trn Resp: left,correct	n/a	n/a	S101
524.7280000000	n/a	n/a	FB: 0	n/a	n/a	S  9
526.8120000000	n/a	n/a	Trn Stim: blue congru B	n/a	n/a	S212
527.6360000000	n/a	n/a	Trn Resp: right,correct	n/a	n/a	S102
527.6960000000	n/a	n/a	FB: +1	n/a	n/a	S  8
529.7820000000	n/a	n/a	Trn Stim: blue congru D	n/a	n/a	S214
530.6560000000	n/a	n/a	Trn Resp: right,correct	n/a	n/a	S102
530.7160000000	n/a	n/a	FB: 0	n/a	n/a	S  9
532.8000000000	n/a	n/a	Trn Stim: blue incongru A	n/a	n/a	S221
533.5840000000	n/a	n/a	Trn Resp: right,correct	n/a	n/a	S102
533.6500000000	n/a	n/a	FB: +1	n/a	n/a	S  8
535.7360000000	n/a	n/a	Trn Stim: blue congru D	n/a	n/a	S214
536.4320000000	n/a	n/a	Trn Resp: right,correct	n/a	n/a	S102
536.5040000000	n/a	n/a	FB: 0	n/a	n/a	S  9
538.5880000000	n/a	n/a	Trn Stim: blue incongru A	n/a	n/a	S221
539.2960000000	n/a	n/a	Trn Resp: right,correct	n/a	n/a	S102
539.3560000000	n/a	n/a	FB: +1	n/a	n/a	S  8
541.4400000000	n/a	n/a	Trn Stim: blue congru C	n/a	n/a	S213
542.3120000000	n/a	n/a	Trn Resp: right,correct	n/a	n/a	S102
542.3740000000	n/a	n/a	FB: 0	n/a	n/a	S  9
544.4600000000	n/a	n/a	Trn Stim: yellow incongru C	n/a	n/a	S123
545.2000000000	n/a	n/a	Trn Resp: left,correct	n/a	n/a	S101
545.2600000000	n/a	n/a	FB: +1	n/a	n/a	S  8
547.3440000000	n/a	n/a	Trn Stim: yellow congru C	n/a	n/a	S113
548.4120000000	n/a	n/a	Trn Resp: left,correct	n/a	n/a	S101
548.4780000000	n/a	n/a	FB: 0	n/a	n/a	S  9
550.5640000000	n/a	n/a	Trn Stim: blue congru D	n/a	n/a	S214
551.5000000000	n/a	n/a	Trn Resp: right,correct	n/a	n/a	S102
551.5640000000	n/a	n/a	FB: 0	n/a	n/a	S  9
553.6500000000	n/a	n/a	Trn Stim: yellow incongru B	n/a	n/a	S122
554.3920000000	n/a	n/a	Trn Resp: left,correct	n/a	n/a	S101
554.4500000000	n/a	n/a	FB: 0	n/a	n/a	S  9
556.5360000000	n/a	n/a	Trn Stim: yellow incongru A	n/a	n/a	S121
557.4600000000	n/a	n/a	Trn Resp: left,correct	n/a	n/a	S101
557.5200000000	n/a	n/a	FB: +1	n/a	n/a	S  8
559.6040000000	n/a	n/a	Trn Stim: blue congru C	n/a	n/a	S213
560.5800000000	n/a	n/a	Trn Resp: right,correct	n/a	n/a	S102
560.6380000000	n/a	n/a	FB: 0	n/a	n/a	S  9
562.7240000000	n/a	n/a	Trn Stim: blue congru A	n/a	n/a	S211
563.5760000000	n/a	n/a	Trn Resp: right,correct	n/a	n/a	S102
563.6400000000	n/a	n/a	FB: +1	n/a	n/a	S  8
565.7260000000	n/a	n/a	Trn Stim: yellow incongru B	n/a	n/a	S122
566.4280000000	n/a	n/a	Trn Resp: left,correct	n/a	n/a	S101
566.4920000000	n/a	n/a	FB: 0	n/a	n/a	S  9
568.5780000000	n/a	n/a	Trn Stim: blue congru A	n/a	n/a	S211
569.2160000000	n/a	n/a	Trn Resp: right,correct	n/a	n/a	S102
569.2780000000	n/a	n/a	FB: +1	n/a	n/a	S  8
571.3640000000	n/a	n/a	Trn Stim: yellow congru A	n/a	n/a	S111
572.4320000000	n/a	n/a	Trn Resp: left,correct	n/a	n/a	S101
572.4980000000	n/a	n/a	FB: +1	n/a	n/a	S  8
574.5820000000	n/a	n/a	Trn Stim: blue incongru A	n/a	n/a	S221
575.6000000000	n/a	n/a	Trn Resp: right,correct	n/a	n/a	S102
575.6660000000	n/a	n/a	FB: +1	n/a	n/a	S  8
577.7520000000	n/a	n/a	Trn Stim: blue incongru D	n/a	n/a	S224
578.6000000000	n/a	n/a	Trn Resp: right,correct	n/a	n/a	S102
578.6680000000	n/a	n/a	FB: 0	n/a	n/a	S  9
580.7540000000	n/a	n/a	Trn Stim: blue incongru C	n/a	n/a	S223
581.5280000000	n/a	n/a	Trn Resp: right,correct	n/a	n/a	S102
581.5880000000	n/a	n/a	FB: +1	n/a	n/a	S  8
583.6720000000	n/a	n/a	Trn Stim: blue congru D	n/a	n/a	S214
584.7840000000	n/a	n/a	Trn Resp: right,correct	n/a	n/a	S102
584.8560000000	n/a	n/a	FB: 0	n/a	n/a	S  9
586.9420000000	n/a	n/a	Trn Stim: yellow congru B	n/a	n/a	S112
587.4840000000	n/a	n/a	Trn Resp: left,correct	n/a	n/a	S101
587.5420000000	n/a	n/a	FB: +1	n/a	n/a	S  8
589.6280000000	n/a	n/a	Trn Stim: yellow congru C	n/a	n/a	S113
590.4780000000	n/a	n/a	Trn Resp: left,correct	n/a	n/a	S101
590.5440000000	n/a	n/a	FB: 0	n/a	n/a	S  9
592.6300000000	n/a	n/a	Trn Stim: yellow incongru C	n/a	n/a	S123
593.4620000000	n/a	n/a	Trn Resp: left,correct	n/a	n/a	S101
593.5300000000	n/a	n/a	FB: +1	n/a	n/a	S  8
595.6160000000	n/a	n/a	Trn Stim: yellow incongru A	n/a	n/a	S121
596.4620000000	n/a	n/a	Trn Resp: left,correct	n/a	n/a	S101
596.5320000000	n/a	n/a	FB: +1	n/a	n/a	S  8
598.6180000000	n/a	n/a	Trn Stim: blue congru A	n/a	n/a	S211
599.4980000000	n/a	n/a	Trn Resp: right,correct	n/a	n/a	S102
599.5680000000	n/a	n/a	FB: +1	n/a	n/a	S  8
601.6520000000	n/a	n/a	Trn Stim: yellow incongru B	n/a	n/a	S122
602.3460000000	n/a	n/a	Trn Resp: left,correct	n/a	n/a	S101
602.4200000000	n/a	n/a	FB: 0	n/a	n/a	S  9
604.5060000000	n/a	n/a	Trn Stim: blue incongru B	n/a	n/a	S222
605.2340000000	n/a	n/a	Trn Resp: right,correct	n/a	n/a	S102
605.3060000000	n/a	n/a	FB: 0	n/a	n/a	S  9
607.3900000000	n/a	n/a	Trn Stim: blue incongru D	n/a	n/a	S224
608.2860000000	n/a	n/a	Trn Resp: right,correct	n/a	n/a	S102
608.3580000000	n/a	n/a	FB: 0	n/a	n/a	S  9
610.4440000000	n/a	n/a	Trn Stim: blue incongru D	n/a	n/a	S224
611.1300000000	n/a	n/a	Trn Resp: right,correct	n/a	n/a	S102
611.1940000000	n/a	n/a	FB: 0	n/a	n/a	S  9
613.2780000000	n/a	n/a	Trn Stim: yellow incongru D	n/a	n/a	S124
613.9020000000	n/a	n/a	Trn Resp: left,correct	n/a	n/a	S101
613.9620000000	n/a	n/a	FB: 0	n/a	n/a	S  9
616.0480000000	n/a	n/a	Trn Stim: blue incongru C	n/a	n/a	S223
616.8180000000	n/a	n/a	Trn Resp: right,correct	n/a	n/a	S102
616.8820000000	n/a	n/a	FB: +1	n/a	n/a	S  8
618.9660000000	n/a	n/a	Trn Stim: yellow incongru C	n/a	n/a	S123
619.7780000000	n/a	n/a	Trn Resp: left,correct	n/a	n/a	S101
619.8500000000	n/a	n/a	FB: +1	n/a	n/a	S  8
621.9360000000	n/a	n/a	Trn Stim: yellow incongru B	n/a	n/a	S122
622.8340000000	n/a	n/a	Trn Resp: left,correct	n/a	n/a	S101
622.9020000000	n/a	n/a	FB: 0	n/a	n/a	S  9
624.9880000000	n/a	n/a	Trn Stim: yellow congru A	n/a	n/a	S111
625.7700000000	n/a	n/a	Trn Resp: left,correct	n/a	n/a	S101
625.8380000000	n/a	n/a	FB: +1	n/a	n/a	S  8
627.9240000000	n/a	n/a	Trn Stim: yellow congru C	n/a	n/a	S113
628.7060000000	n/a	n/a	Trn Resp: left,correct	n/a	n/a	S101
628.7740000000	n/a	n/a	FB: 0	n/a	n/a	S  9
630.8580000000	n/a	n/a	Trn Stim: blue congru B	n/a	n/a	S212
631.4340000000	n/a	n/a	Trn Resp: right,correct	n/a	n/a	S102
631.4920000000	n/a	n/a	FB: +1	n/a	n/a	S  8
633.5780000000	n/a	n/a	Trn Stim: yellow incongru D	n/a	n/a	S124
634.6060000000	n/a	n/a	Trn Resp: left,correct	n/a	n/a	S101
634.6780000000	n/a	n/a	FB: 0	n/a	n/a	S  9
636.7640000000	n/a	n/a	Trn Stim: blue incongru A	n/a	n/a	S221
637.9060000000	n/a	n/a	Trn Resp: right,correct	n/a	n/a	S102
637.9640000000	n/a	n/a	FB: +1	n/a	n/a	S  8
640.0500000000	n/a	n/a	Trn Stim: yellow congru B	n/a	n/a	S112
640.9180000000	n/a	n/a	Trn Resp: left,correct	n/a	n/a	S101
640.9840000000	n/a	n/a	FB: +1	n/a	n/a	S  8
643.0680000000	n/a	n/a	Trn Stim: blue incongru B	n/a	n/a	S222
644.1660000000	n/a	n/a	Trn Resp: right,correct	n/a	n/a	S102
644.2360000000	n/a	n/a	FB: 0	n/a	n/a	S  9
646.3200000000	n/a	n/a	Trn Stim: yellow incongru C	n/a	n/a	S123
647.1740000000	n/a	n/a	Trn Resp: left,correct	n/a	n/a	S101
647.2380000000	n/a	n/a	FB: +1	n/a	n/a	S  8
649.3220000000	n/a	n/a	Trn Stim: yellow congru B	n/a	n/a	S112
650.1820000000	n/a	n/a	Trn Resp: left,correct	n/a	n/a	S101
650.2400000000	n/a	n/a	FB: +1	n/a	n/a	S  8
652.3260000000	n/a	n/a	Trn Stim: yellow incongru A	n/a	n/a	S121
652.9500000000	n/a	n/a	Trn Resp: left,correct	n/a	n/a	S101
653.0100000000	n/a	n/a	FB: +1	n/a	n/a	S  8
655.0940000000	n/a	n/a	Trn Stim: yellow congru C	n/a	n/a	S113
655.9780000000	n/a	n/a	Trn Resp: left,correct	n/a	n/a	S101
656.0440000000	n/a	n/a	FB: 0	n/a	n/a	S  9
658.1300000000	n/a	n/a	Trn Stim: yellow incongru B	n/a	n/a	S122
658.8260000000	n/a	n/a	Trn Resp: left,correct	n/a	n/a	S101
658.8960000000	n/a	n/a	FB: 0	n/a	n/a	S  9
660.9820000000	n/a	n/a	Trn Stim: blue incongru C	n/a	n/a	S223
661.6700000000	n/a	n/a	Trn Resp: right,correct	n/a	n/a	S102
661.7320000000	n/a	n/a	FB: +1	n/a	n/a	S  8
663.8180000000	n/a	n/a	Trn Stim: blue incongru C	n/a	n/a	S223
664.5860000000	n/a	n/a	Trn Resp: right,correct	n/a	n/a	S102
664.6520000000	n/a	n/a	FB: +1	n/a	n/a	S  8
666.7360000000	n/a	n/a	Trn Stim: yellow congru A	n/a	n/a	S111
667.8540000000	n/a	n/a	Trn Resp: left,correct	n/a	n/a	S101
667.9200000000	n/a	n/a	FB: +1	n/a	n/a	S  8
670.0060000000	n/a	n/a	Trn Stim: blue incongru C	n/a	n/a	S223
670.7380000000	n/a	n/a	Trn Resp: right,correct	n/a	n/a	S102
670.8060000000	n/a	n/a	FB: +1	n/a	n/a	S  8
672.8900000000	n/a	n/a	Trn Stim: yellow incongru A	n/a	n/a	S121
673.6140000000	n/a	n/a	Trn Resp: left,correct	n/a	n/a	S101
673.6740000000	n/a	n/a	FB: +1	n/a	n/a	S  8
675.7600000000	n/a	n/a	Trn Stim: blue incongru B	n/a	n/a	S222
676.4420000000	n/a	n/a	Trn Resp: right,correct	n/a	n/a	S102
676.5100000000	n/a	n/a	FB: 0	n/a	n/a	S  9
678.5960000000	n/a	n/a	Trn Stim: blue incongru B	n/a	n/a	S222
679.3020000000	n/a	n/a	Trn Resp: right,correct	n/a	n/a	S102
679.3620000000	n/a	n/a	FB: 0	n/a	n/a	S  9
681.4480000000	n/a	n/a	Trn Stim: yellow congru D	n/a	n/a	S114
682.5260000000	n/a	n/a	Trn Resp: left,correct	n/a	n/a	S101
682.5980000000	n/a	n/a	FB: 0	n/a	n/a	S  9
684.6840000000	n/a	n/a	Trn Stim: blue congru B	n/a	n/a	S212
685.6100000000	n/a	n/a	Trn Resp: left,incorrect	n/a	n/a	S103
687.7180000000	n/a	n/a	Trn Stim: yellow congru C	n/a	n/a	S113
688.4620000000	n/a	n/a	Trn Resp: left,correct	n/a	n/a	S101
688.5200000000	n/a	n/a	FB: 0	n/a	n/a	S  9
690.6040000000	n/a	n/a	Trn Stim: blue incongru D	n/a	n/a	S224
691.3900000000	n/a	n/a	Trn Resp: right,correct	n/a	n/a	S102
691.4560000000	n/a	n/a	FB: 0	n/a	n/a	S  9
693.5400000000	n/a	n/a	Trn Stim: blue congru A	n/a	n/a	S211
694.2500000000	n/a	n/a	Trn Resp: right,correct	n/a	n/a	S102
694.3080000000	n/a	n/a	FB: +1	n/a	n/a	S  8
696.3920000000	n/a	n/a	Trn Stim: yellow congru D	n/a	n/a	S114
697.0940000000	n/a	n/a	Trn Resp: left,correct	n/a	n/a	S101
697.1600000000	n/a	n/a	FB: 0	n/a	n/a	S  9
699.2440000000	n/a	n/a	Trn Stim: blue congru C	n/a	n/a	S213
700.0060000000	n/a	n/a	Trn Resp: right,correct	n/a	n/a	S102
700.0780000000	n/a	n/a	FB: 0	n/a	n/a	S  9
702.1640000000	n/a	n/a	Trn Stim: yellow congru B	n/a	n/a	S112
702.7820000000	n/a	n/a	Trn Resp: left,correct	n/a	n/a	S101
702.8480000000	n/a	n/a	FB: +1	n/a	n/a	S  8
704.9320000000	n/a	n/a	Trn Stim: blue incongru A	n/a	n/a	S221
705.7700000000	n/a	n/a	Trn Resp: right,correct	n/a	n/a	S102
705.8320000000	n/a	n/a	FB: +1	n/a	n/a	S  8
707.9180000000	n/a	n/a	Trn Stim: yellow congru D	n/a	n/a	S114
708.7140000000	n/a	n/a	Trn Resp: left,correct	n/a	n/a	S101
708.7860000000	n/a	n/a	FB: 0	n/a	n/a	S  9
710.8700000000	n/a	n/a	Trn Stim: yellow congru A	n/a	n/a	S111
711.6340000000	n/a	n/a	Trn Resp: left,correct	n/a	n/a	S101
711.7040000000	n/a	n/a	FB: +1	n/a	n/a	S  8
713.7880000000	n/a	n/a	Trn Stim: blue congru D	n/a	n/a	S214
714.5820000000	n/a	n/a	Trn Resp: right,correct	n/a	n/a	S102
714.6400000000	n/a	n/a	FB: 0	n/a	n/a	S  9
716.7240000000	n/a	n/a	Trn Stim: blue congru C	n/a	n/a	S213
717.5100000000	n/a	n/a	Trn Resp: right,correct	n/a	n/a	S102
717.5760000000	n/a	n/a	FB: 0	n/a	n/a	S  9
719.6600000000	n/a	n/a	Trn Stim: yellow congru B	n/a	n/a	S112
720.4540000000	n/a	n/a	Trn Resp: left,correct	n/a	n/a	S101
720.5280000000	n/a	n/a	FB: +1	n/a	n/a	S  8
722.6120000000	n/a	n/a	Trn Stim: blue congru A	n/a	n/a	S211
723.3740000000	n/a	n/a	Trn Resp: right,correct	n/a	n/a	S102
723.4460000000	n/a	n/a	FB: +1	n/a	n/a	S  8
725.5320000000	n/a	n/a	Trn Stim: blue congru B	n/a	n/a	S212
726.2420000000	n/a	n/a	Trn Resp: right,correct	n/a	n/a	S102
726.3160000000	n/a	n/a	FB: +1	n/a	n/a	S  8
728.4000000000	n/a	n/a	Trn Stim: yellow congru A	n/a	n/a	S111
729.1220000000	n/a	n/a	Trn Resp: left,correct	n/a	n/a	S101
729.1840000000	n/a	n/a	FB: +1	n/a	n/a	S  8
731.2700000000	n/a	n/a	Trn Stim: yellow incongru A	n/a	n/a	S121
731.9860000000	n/a	n/a	Trn Resp: left,correct	n/a	n/a	S101
732.0520000000	n/a	n/a	FB: +1	n/a	n/a	S  8
734.1380000000	n/a	n/a	Trn Stim: yellow congru D	n/a	n/a	S114
734.7700000000	n/a	n/a	Trn Resp: left,correct	n/a	n/a	S101
734.8380000000	n/a	n/a	FB: 0	n/a	n/a	S  9
736.9240000000	n/a	n/a	Trn Stim: yellow incongru D	n/a	n/a	S124
737.5780000000	n/a	n/a	Trn Resp: left,correct	n/a	n/a	S101
737.6400000000	n/a	n/a	FB: 0	n/a	n/a	S  9
739.7260000000	n/a	n/a	Trn Stim: blue congru B	n/a	n/a	S212
740.4980000000	n/a	n/a	Trn Resp: right,correct	n/a	n/a	S102
740.5600000000	n/a	n/a	FB: +1	n/a	n/a	S  8
755.6980000000	n/a	n/a	Test Stim: DB	n/a	n/a	S 42
759.6060000000	n/a	n/a	Test Resp: right,correct	n/a	n/a	S  2
760.6760000000	n/a	n/a	Test Stim: DB	n/a	n/a	S 42
763.4680000000	n/a	n/a	Test Resp: right,correct	n/a	n/a	S  2
764.5280000000	n/a	n/a	Test Stim: CA	n/a	n/a	S 31
765.8000000000	n/a	n/a	Test Resp: right,correct	n/a	n/a	S  2
766.8640000000	n/a	n/a	Test Stim: BD	n/a	n/a	S 24
770.2960000000	n/a	n/a	Test Resp: left,correct	n/a	n/a	S  1
771.3660000000	n/a	n/a	Test Stim: AC	n/a	n/a	S 13
772.7200000000	n/a	n/a	Test Resp: left,correct	n/a	n/a	S  1
773.7860000000	n/a	n/a	Test Stim: CB	n/a	n/a	S 32
777.3640000000	n/a	n/a	Test Resp: right,correct	n/a	n/a	S  2
778.4220000000	n/a	n/a	Test Stim: DA	n/a	n/a	S 41
779.5480000000	n/a	n/a	Test Resp: right,correct	n/a	n/a	S  2
780.6080000000	n/a	n/a	Test Stim: AC	n/a	n/a	S 13
782.3680000000	n/a	n/a	Test Resp: left,correct	n/a	n/a	S  1
783.4260000000	n/a	n/a	Test Stim: CB	n/a	n/a	S 32
785.9320000000	n/a	n/a	Test Resp: right,correct	n/a	n/a	S  2
786.9960000000	n/a	n/a	Test Stim: AB	n/a	n/a	S 12
788.6640000000	n/a	n/a	Test Resp: left,correct	n/a	n/a	S  1
789.7300000000	n/a	n/a	Test Stim: DB	n/a	n/a	S 42
791.5720000000	n/a	n/a	Test Resp: right,correct	n/a	n/a	S  2
792.6340000000	n/a	n/a	Test Stim: CA	n/a	n/a	S 31
794.0560000000	n/a	n/a	Test Resp: right,correct	n/a	n/a	S  2
795.1180000000	n/a	n/a	Test Stim: DC	n/a	n/a	S 43
797.3000000000	n/a	n/a	Test Resp: right,correct	n/a	n/a	S  2
798.3700000000	n/a	n/a	Test Stim: BD	n/a	n/a	S 24
800.2160000000	n/a	n/a	Test Resp: left,correct	n/a	n/a	S  1
801.2720000000	n/a	n/a	Test Stim: AC	n/a	n/a	S 13
802.8800000000	n/a	n/a	Test Resp: left,correct	n/a	n/a	S  1
803.9420000000	n/a	n/a	Test Stim: CA	n/a	n/a	S 31
804.8120000000	n/a	n/a	Test Resp: right,correct	n/a	n/a	S  2
805.8760000000	n/a	n/a	Test Stim: BC	n/a	n/a	S 23
807.8320000000	n/a	n/a	Test Resp: left,correct	n/a	n/a	S  1
808.8960000000	n/a	n/a	Test Stim: DC	n/a	n/a	S 43
810.6400000000	n/a	n/a	Test Resp: right,correct	n/a	n/a	S  2
811.6980000000	n/a	n/a	Test Stim: DA	n/a	n/a	S 41
812.6040000000	n/a	n/a	Test Resp: right,correct	n/a	n/a	S  2
813.6660000000	n/a	n/a	Test Stim: BA	n/a	n/a	S 21
814.6040000000	n/a	n/a	Test Resp: right,correct	n/a	n/a	S  2
815.6680000000	n/a	n/a	Test Stim: BD	n/a	n/a	S 24
817.0640000000	n/a	n/a	Test Resp: left,correct	n/a	n/a	S  1
818.1360000000	n/a	n/a	Test Stim: DA	n/a	n/a	S 41
819.0880000000	n/a	n/a	Test Resp: right,correct	n/a	n/a	S  2
820.1540000000	n/a	n/a	Test Stim: BC	n/a	n/a	S 23
822.5560000000	n/a	n/a	Test Resp: left,correct	n/a	n/a	S  1
823.6240000000	n/a	n/a	Test Stim: AC	n/a	n/a	S 13
825.0040000000	n/a	n/a	Test Resp: left,correct	n/a	n/a	S  1
826.0760000000	n/a	n/a	Test Stim: BC	n/a	n/a	S 23
827.9080000000	n/a	n/a	Test Resp: left,correct	n/a	n/a	S  1
828.9780000000	n/a	n/a	Test Stim: CA	n/a	n/a	S 31
830.1800000000	n/a	n/a	Test Resp: right,correct	n/a	n/a	S  2
831.2460000000	n/a	n/a	Test Stim: CD	n/a	n/a	S 34
832.8880000000	n/a	n/a	Test Resp: left,correct	n/a	n/a	S  1
833.9480000000	n/a	n/a	Test Stim: AD	n/a	n/a	S 14
835.2680000000	n/a	n/a	Test Resp: left,correct	n/a	n/a	S  1
836.3340000000	n/a	n/a	Test Stim: AD	n/a	n/a	S 14
838.0080000000	n/a	n/a	Test Resp: left,correct	n/a	n/a	S  1
839.0680000000	n/a	n/a	Test Stim: BA	n/a	n/a	S 21
840.5880000000	n/a	n/a	Test Resp: right,correct	n/a	n/a	S  2
841.6540000000	n/a	n/a	Test Stim: DC	n/a	n/a	S 43
843.1760000000	n/a	n/a	Test Resp: right,correct	n/a	n/a	S  2
844.2400000000	n/a	n/a	Test Stim: AB	n/a	n/a	S 12
845.4560000000	n/a	n/a	Test Resp: left,correct	n/a	n/a	S  1
846.5240000000	n/a	n/a	Test Stim: BD	n/a	n/a	S 24
848.2840000000	n/a	n/a	Test Resp: left,correct	n/a	n/a	S  1
849.3440000000	n/a	n/a	Test Stim: AB	n/a	n/a	S 12
850.7040000000	n/a	n/a	Test Resp: left,correct	n/a	n/a	S  1
851.7620000000	n/a	n/a	Test Stim: BA	n/a	n/a	S 21
852.7920000000	n/a	n/a	Test Resp: right,correct	n/a	n/a	S  2
853.8640000000	n/a	n/a	Test Stim: CD	n/a	n/a	S 34
855.1200000000	n/a	n/a	Test Resp: left,correct	n/a	n/a	S  1
856.1820000000	n/a	n/a	Test Stim: CD	n/a	n/a	S 34
858.7600000000	n/a	n/a	Test Resp: left,correct	n/a	n/a	S  1
859.8180000000	n/a	n/a	Test Stim: CD	n/a	n/a	S 34
861.0200000000	n/a	n/a	Test Resp: left,correct	n/a	n/a	S  1
862.0860000000	n/a	n/a	Test Stim: DC	n/a	n/a	S 43
863.7280000000	n/a	n/a	Test Resp: right,correct	n/a	n/a	S  2
864.7880000000	n/a	n/a	Test Stim: BC	n/a	n/a	S 23
866.4160000000	n/a	n/a	Test Resp: left,correct	n/a	n/a	S  1
867.4740000000	n/a	n/a	Test Stim: DB	n/a	n/a	S 42
869.3720000000	n/a	n/a	Test Resp: right,correct	n/a	n/a	S  2
870.4420000000	n/a	n/a	Test Stim: BA	n/a	n/a	S 21
871.4400000000	n/a	n/a	Test Resp: right,correct	n/a	n/a	S  2
872.5100000000	n/a	n/a	Test Stim: AB	n/a	n/a	S 12
873.9480000000	n/a	n/a	Test Resp: left,correct	n/a	n/a	S  1
875.0120000000	n/a	n/a	Test Stim: DA	n/a	n/a	S 41
876.0800000000	n/a	n/a	Test Resp: right,correct	n/a	n/a	S  2
877.1480000000	n/a	n/a	Test Stim: AD	n/a	n/a	S 14
878.4400000000	n/a	n/a	Test Resp: left,correct	n/a	n/a	S  1
879.5000000000	n/a	n/a	Test Stim: CB	n/a	n/a	S 32
881.7520000000	n/a	n/a	Test Resp: right,correct	n/a	n/a	S  2
882.8180000000	n/a	n/a	Test Stim: AD	n/a	n/a	S 14
884.2640000000	n/a	n/a	Test Resp: left,correct	n/a	n/a	S  1
885.3200000000	n/a	n/a	Test Stim: CB	n/a	n/a	S 32
887.4000000000	n/a	n/a	Test Resp: right,correct	n/a	n/a	S  2
893.5440000000	n/a	n/a	Trn Stim: blue congru C	n/a	n/a	S213
895.0940000000	n/a	n/a	Trn No Response	n/a	n/a	S105
897.1960000000	n/a	n/a	Trn Stim: blue incongru D	n/a	n/a	S224
898.1680000000	n/a	n/a	Trn Resp: right,correct	n/a	n/a	S102
898.2300000000	n/a	n/a	FB: 0	n/a	n/a	S  9
900.3160000000	n/a	n/a	Trn Stim: yellow incongru A	n/a	n/a	S121
901.3640000000	n/a	n/a	Trn Resp: left,correct	n/a	n/a	S101
901.4320000000	n/a	n/a	FB: +1	n/a	n/a	S  8
903.5180000000	n/a	n/a	Trn Stim: blue incongru C	n/a	n/a	S223
904.6640000000	n/a	n/a	Trn Resp: right,correct	n/a	n/a	S102
904.7360000000	n/a	n/a	FB: +1	n/a	n/a	S  8
906.8200000000	n/a	n/a	Trn Stim: blue congru D	n/a	n/a	S214
907.5640000000	n/a	n/a	Trn Resp: right,correct	n/a	n/a	S102
907.6200000000	n/a	n/a	FB: 0	n/a	n/a	S  9
909.7060000000	n/a	n/a	Trn Stim: blue congru B	n/a	n/a	S212
910.4200000000	n/a	n/a	Trn Resp: right,correct	n/a	n/a	S102
910.4900000000	n/a	n/a	FB: +1	n/a	n/a	S  8
912.5740000000	n/a	n/a	Trn Stim: yellow congru C	n/a	n/a	S113
913.2400000000	n/a	n/a	Trn Resp: left,correct	n/a	n/a	S101
913.3080000000	n/a	n/a	FB: 0	n/a	n/a	S  9
915.3940000000	n/a	n/a	Trn Stim: yellow congru B	n/a	n/a	S112
916.3760000000	n/a	n/a	Trn Resp: left,correct	n/a	n/a	S101
916.4440000000	n/a	n/a	FB: +1	n/a	n/a	S  8
918.5300000000	n/a	n/a	Trn Stim: blue congru B	n/a	n/a	S212
919.1280000000	n/a	n/a	Trn Resp: right,correct	n/a	n/a	S102
919.1960000000	n/a	n/a	FB: +1	n/a	n/a	S  8
921.2820000000	n/a	n/a	Trn Stim: yellow congru B	n/a	n/a	S112
922.0920000000	n/a	n/a	Trn Resp: left,correct	n/a	n/a	S101
922.1480000000	n/a	n/a	FB: +1	n/a	n/a	S  8
924.2340000000	n/a	n/a	Trn Stim: yellow incongru B	n/a	n/a	S122
925.0960000000	n/a	n/a	Trn Resp: left,correct	n/a	n/a	S101
925.1680000000	n/a	n/a	FB: 0	n/a	n/a	S  9
927.2520000000	n/a	n/a	Trn Stim: yellow congru C	n/a	n/a	S113
928.2080000000	n/a	n/a	Trn Resp: left,correct	n/a	n/a	S101
928.2700000000	n/a	n/a	FB: 0	n/a	n/a	S  9
930.3540000000	n/a	n/a	Trn Stim: yellow congru B	n/a	n/a	S112
931.7820000000	n/a	n/a	Trn Resp: left,correct	n/a	n/a	S101
931.8560000000	n/a	n/a	FB: +1	n/a	n/a	S  8
933.9420000000	n/a	n/a	Trn Stim: blue incongru B	n/a	n/a	S222
934.9300000000	n/a	n/a	Trn Resp: left,incorrect	n/a	n/a	S103
937.0440000000	n/a	n/a	Trn Stim: yellow congru B	n/a	n/a	S112
937.8740000000	n/a	n/a	Trn Resp: left,correct	n/a	n/a	S101
937.9440000000	n/a	n/a	FB: +1	n/a	n/a	S  8
940.0300000000	n/a	n/a	Trn Stim: yellow congru D	n/a	n/a	S114
941.1580000000	n/a	n/a	Trn Resp: left,correct	n/a	n/a	S101
941.2300000000	n/a	n/a	FB: 0	n/a	n/a	S  9
943.3140000000	n/a	n/a	Trn Stim: yellow incongru D	n/a	n/a	S124
944.1820000000	n/a	n/a	Trn Resp: left,correct	n/a	n/a	S101
944.2480000000	n/a	n/a	FB: 0	n/a	n/a	S  9
946.3340000000	n/a	n/a	Trn Stim: yellow incongru C	n/a	n/a	S123
947.1740000000	n/a	n/a	Trn Resp: left,correct	n/a	n/a	S101
947.2340000000	n/a	n/a	FB: +1	n/a	n/a	S  8
949.3200000000	n/a	n/a	Trn Stim: blue congru D	n/a	n/a	S214
950.3180000000	n/a	n/a	Trn Resp: right,correct	n/a	n/a	S102
950.3860000000	n/a	n/a	FB: 0	n/a	n/a	S  9
952.4720000000	n/a	n/a	Trn Stim: yellow incongru C	n/a	n/a	S123
953.3140000000	n/a	n/a	Trn Resp: left,correct	n/a	n/a	S101
953.3720000000	n/a	n/a	FB: +1	n/a	n/a	S  8
955.4580000000	n/a	n/a	Trn Stim: blue incongru C	n/a	n/a	S223
956.2860000000	n/a	n/a	Trn Resp: right,correct	n/a	n/a	S102
956.3580000000	n/a	n/a	FB: +1	n/a	n/a	S  8
958.4440000000	n/a	n/a	Trn Stim: yellow congru C	n/a	n/a	S113
959.3300000000	n/a	n/a	Trn Resp: left,correct	n/a	n/a	S101
959.3940000000	n/a	n/a	FB: 0	n/a	n/a	S  9
961.4780000000	n/a	n/a	Trn Stim: yellow incongru B	n/a	n/a	S122
962.2260000000	n/a	n/a	Trn Resp: left,correct	n/a	n/a	S101
962.2960000000	n/a	n/a	FB: 0	n/a	n/a	S  9
964.3820000000	n/a	n/a	Trn Stim: yellow congru A	n/a	n/a	S111
965.1540000000	n/a	n/a	Trn Resp: left,correct	n/a	n/a	S101
965.2160000000	n/a	n/a	FB: +1	n/a	n/a	S  8
967.3000000000	n/a	n/a	Trn Stim: blue incongru B	n/a	n/a	S222
968.1460000000	n/a	n/a	Trn Resp: right,correct	n/a	n/a	S102
968.2180000000	n/a	n/a	FB: 0	n/a	n/a	S  9
970.3020000000	n/a	n/a	Trn Stim: yellow congru C	n/a	n/a	S113
971.2100000000	n/a	n/a	Trn Resp: left,correct	n/a	n/a	S101
971.2700000000	n/a	n/a	FB: 0	n/a	n/a	S  9
973.3540000000	n/a	n/a	Trn Stim: blue congru D	n/a	n/a	S214
974.1380000000	n/a	n/a	Trn Resp: right,correct	n/a	n/a	S102
974.2060000000	n/a	n/a	FB: 0	n/a	n/a	S  9
976.2900000000	n/a	n/a	Trn Stim: blue congru A	n/a	n/a	S211
977.1540000000	n/a	n/a	Trn Resp: right,correct	n/a	n/a	S102
977.2240000000	n/a	n/a	FB: +1	n/a	n/a	S  8
979.3100000000	n/a	n/a	Trn Stim: blue incongru D	n/a	n/a	S224
980.0060000000	n/a	n/a	Trn Resp: right,correct	n/a	n/a	S102
980.0760000000	n/a	n/a	FB: 0	n/a	n/a	S  9
982.1620000000	n/a	n/a	Trn Stim: blue incongru A	n/a	n/a	S221
982.9260000000	n/a	n/a	Trn Resp: right,correct	n/a	n/a	S102
982.9960000000	n/a	n/a	FB: +1	n/a	n/a	S  8
985.0800000000	n/a	n/a	Trn Stim: yellow congru D	n/a	n/a	S114
986.0620000000	n/a	n/a	Trn Resp: left,correct	n/a	n/a	S101
986.1320000000	n/a	n/a	FB: 0	n/a	n/a	S  9
988.2160000000	n/a	n/a	Trn Stim: yellow incongru C	n/a	n/a	S123
989.1940000000	n/a	n/a	Trn Resp: left,correct	n/a	n/a	S101
989.2660000000	n/a	n/a	FB: +1	n/a	n/a	S  8
991.3520000000	n/a	n/a	Trn Stim: blue incongru C	n/a	n/a	S223
992.1260000000	n/a	n/a	Trn Resp: right,correct	n/a	n/a	S102
992.1860000000	n/a	n/a	FB: +1	n/a	n/a	S  8
994.2700000000	n/a	n/a	Trn Stim: blue incongru B	n/a	n/a	S222
995.1420000000	n/a	n/a	Trn Resp: right,correct	n/a	n/a	S102
995.2040000000	n/a	n/a	FB: 0	n/a	n/a	S  9
997.2900000000	n/a	n/a	Trn Stim: blue incongru B	n/a	n/a	S222
997.9660000000	n/a	n/a	Trn Resp: right,correct	n/a	n/a	S102
998.0400000000	n/a	n/a	FB: 0	n/a	n/a	S  9
1000.1260000000	n/a	n/a	Trn Stim: yellow congru A	n/a	n/a	S111
1000.9300000000	n/a	n/a	Trn Resp: left,correct	n/a	n/a	S101
1000.9920000000	n/a	n/a	FB: +1	n/a	n/a	S  8
1003.0780000000	n/a	n/a	Trn Stim: blue congru B	n/a	n/a	S212
1003.6580000000	n/a	n/a	Trn Resp: right,correct	n/a	n/a	S102
1003.7280000000	n/a	n/a	FB: +1	n/a	n/a	S  8
1005.8120000000	n/a	n/a	Trn Stim: yellow congru A	n/a	n/a	S111
1006.5940000000	n/a	n/a	Trn Resp: left,correct	n/a	n/a	S101
1006.6640000000	n/a	n/a	FB: +1	n/a	n/a	S  8
1008.7480000000	n/a	n/a	Trn Stim: yellow incongru D	n/a	n/a	S124
1009.4100000000	n/a	n/a	Trn Resp: left,correct	n/a	n/a	S101
1009.4820000000	n/a	n/a	FB: 0	n/a	n/a	S  9
1011.5680000000	n/a	n/a	Trn Stim: yellow incongru B	n/a	n/a	S122
1012.3860000000	n/a	n/a	Trn Resp: left,correct	n/a	n/a	S101
1012.4520000000	n/a	n/a	FB: 0	n/a	n/a	S  9
1014.5360000000	n/a	n/a	Trn Stim: yellow incongru A	n/a	n/a	S121
1015.3100000000	n/a	n/a	Trn Resp: left,correct	n/a	n/a	S101
1015.3700000000	n/a	n/a	FB: +1	n/a	n/a	S  8
1017.4540000000	n/a	n/a	Trn Stim: blue congru C	n/a	n/a	S213
1018.3420000000	n/a	n/a	Trn Resp: right,correct	n/a	n/a	S102
1018.4060000000	n/a	n/a	FB: 0	n/a	n/a	S  9
1020.4900000000	n/a	n/a	Trn Stim: yellow congru D	n/a	n/a	S114
1021.1740000000	n/a	n/a	Trn Resp: left,correct	n/a	n/a	S101
1021.2420000000	n/a	n/a	FB: 0	n/a	n/a	S  9
1023.3260000000	n/a	n/a	Trn Stim: blue incongru C	n/a	n/a	S223
1024.0820000000	n/a	n/a	Trn Resp: right,correct	n/a	n/a	S102
1024.1440000000	n/a	n/a	FB: +1	n/a	n/a	S  8
1026.2280000000	n/a	n/a	Trn Stim: yellow congru A	n/a	n/a	S111
1027.1220000000	n/a	n/a	Trn Resp: left,correct	n/a	n/a	S101
1027.1960000000	n/a	n/a	FB: +1	n/a	n/a	S  8
1029.2800000000	n/a	n/a	Trn Stim: yellow congru A	n/a	n/a	S111
1030.1900000000	n/a	n/a	Trn Resp: left,correct	n/a	n/a	S101
1030.2480000000	n/a	n/a	FB: +1	n/a	n/a	S  8
1032.3340000000	n/a	n/a	Trn Stim: yellow incongru D	n/a	n/a	S124
1033.3700000000	n/a	n/a	Trn Resp: left,correct	n/a	n/a	S101
1033.4340000000	n/a	n/a	FB: 0	n/a	n/a	S  9
1035.5180000000	n/a	n/a	Trn Stim: blue congru A	n/a	n/a	S211
1036.3300000000	n/a	n/a	Trn Resp: right,correct	n/a	n/a	S102
1036.4020000000	n/a	n/a	FB: +1	n/a	n/a	S  8
1038.4880000000	n/a	n/a	Trn Stim: yellow incongru D	n/a	n/a	S124
1039.2820000000	n/a	n/a	Trn Resp: left,correct	n/a	n/a	S101
1039.3560000000	n/a	n/a	FB: 0	n/a	n/a	S  9
1041.4400000000	n/a	n/a	Trn Stim: blue congru A	n/a	n/a	S211
1042.2180000000	n/a	n/a	Trn Resp: right,correct	n/a	n/a	S102
1042.2900000000	n/a	n/a	FB: +1	n/a	n/a	S  8
1044.3760000000	n/a	n/a	Trn Stim: blue congru C	n/a	n/a	S213
1045.1860000000	n/a	n/a	Trn Resp: right,correct	n/a	n/a	S102
1045.2600000000	n/a	n/a	FB: 0	n/a	n/a	S  9
1047.3440000000	n/a	n/a	Trn Stim: yellow incongru B	n/a	n/a	S122
1048.0740000000	n/a	n/a	Trn Resp: left,correct	n/a	n/a	S101
1048.1460000000	n/a	n/a	FB: 0	n/a	n/a	S  9
1050.2300000000	n/a	n/a	Trn Stim: yellow incongru C	n/a	n/a	S123
1050.9540000000	n/a	n/a	Trn Resp: left,correct	n/a	n/a	S101
1051.0140000000	n/a	n/a	FB: +1	n/a	n/a	S  8
1053.1000000000	n/a	n/a	Trn Stim: yellow incongru C	n/a	n/a	S123
1054.3740000000	n/a	n/a	Trn Resp: left,correct	n/a	n/a	S101
1054.4340000000	n/a	n/a	FB: +1	n/a	n/a	S  8
1056.5180000000	n/a	n/a	Trn Stim: yellow incongru B	n/a	n/a	S122
1057.2260000000	n/a	n/a	Trn Resp: left,correct	n/a	n/a	S101
1057.2860000000	n/a	n/a	FB: 0	n/a	n/a	S  9
1059.3700000000	n/a	n/a	Trn Stim: yellow congru D	n/a	n/a	S114
1060.3420000000	n/a	n/a	Trn Resp: left,correct	n/a	n/a	S101
1060.4040000000	n/a	n/a	FB: 0	n/a	n/a	S  9
1062.4900000000	n/a	n/a	Trn Stim: blue incongru A	n/a	n/a	S221
1063.3300000000	n/a	n/a	Trn Resp: right,correct	n/a	n/a	S102
1063.3900000000	n/a	n/a	FB: +1	n/a	n/a	S  8
1065.4760000000	n/a	n/a	Trn Stim: yellow congru D	n/a	n/a	S114
1066.2540000000	n/a	n/a	Trn Resp: left,correct	n/a	n/a	S101
1066.3260000000	n/a	n/a	FB: 0	n/a	n/a	S  9
1068.4100000000	n/a	n/a	Trn Stim: blue congru D	n/a	n/a	S214
1069.3060000000	n/a	n/a	Trn Resp: right,correct	n/a	n/a	S102
1069.3780000000	n/a	n/a	FB: 0	n/a	n/a	S  9
1071.4640000000	n/a	n/a	Trn Stim: yellow congru C	n/a	n/a	S113
1072.1860000000	n/a	n/a	Trn Resp: left,correct	n/a	n/a	S101
1072.2480000000	n/a	n/a	FB: 0	n/a	n/a	S  9
1074.3320000000	n/a	n/a	Trn Stim: blue congru C	n/a	n/a	S213
1075.0340000000	n/a	n/a	Trn Resp: right,correct	n/a	n/a	S102
1075.1000000000	n/a	n/a	FB: 0	n/a	n/a	S  9
1077.1840000000	n/a	n/a	Trn Stim: yellow incongru A	n/a	n/a	S121
1077.9580000000	n/a	n/a	Trn Resp: left,correct	n/a	n/a	S101
1078.0180000000	n/a	n/a	FB: +1	n/a	n/a	S  8
1080.1040000000	n/a	n/a	Trn Stim: yellow incongru A	n/a	n/a	S121
1081.5660000000	n/a	n/a	Trn Resp: left,correct	n/a	n/a	S101
1081.6380000000	n/a	n/a	FB: +1	n/a	n/a	S  8
1083.7220000000	n/a	n/a	Trn Stim: blue incongru A	n/a	n/a	S221
1084.4060000000	n/a	n/a	Trn Resp: right,correct	n/a	n/a	S102
1084.4740000000	n/a	n/a	FB: +1	n/a	n/a	S  8
1086.5580000000	n/a	n/a	Trn Stim: blue congru D	n/a	n/a	S214
1087.4300000000	n/a	n/a	Trn Resp: right,correct	n/a	n/a	S102
1087.4920000000	n/a	n/a	FB: 0	n/a	n/a	S  9
1089.5760000000	n/a	n/a	Trn Stim: blue incongru C	n/a	n/a	S223
1090.2100000000	n/a	n/a	Trn Resp: right,correct	n/a	n/a	S102
1090.2780000000	n/a	n/a	FB: +1	n/a	n/a	S  8
1092.3620000000	n/a	n/a	Trn Stim: blue incongru A	n/a	n/a	S221
1092.9780000000	n/a	n/a	Trn Resp: right,correct	n/a	n/a	S102
1093.0460000000	n/a	n/a	FB: +1	n/a	n/a	S  8
1095.1320000000	n/a	n/a	Trn Stim: blue incongru A	n/a	n/a	S221
1095.8780000000	n/a	n/a	Trn Resp: right,correct	n/a	n/a	S102
1095.9480000000	n/a	n/a	FB: +1	n/a	n/a	S  8
1098.0340000000	n/a	n/a	Trn Stim: yellow congru B	n/a	n/a	S112
1098.7460000000	n/a	n/a	Trn Resp: left,correct	n/a	n/a	S101
1098.8180000000	n/a	n/a	FB: +1	n/a	n/a	S  8
1100.9020000000	n/a	n/a	Trn Stim: blue congru A	n/a	n/a	S211
1101.5380000000	n/a	n/a	Trn Resp: right,correct	n/a	n/a	S102
1101.6020000000	n/a	n/a	FB: +1	n/a	n/a	S  8
1103.6880000000	n/a	n/a	Trn Stim: blue incongru D	n/a	n/a	S224
1104.4000000000	n/a	n/a	Trn Resp: right,correct	n/a	n/a	S102
1104.4720000000	n/a	n/a	FB: 0	n/a	n/a	S  9
1106.5560000000	n/a	n/a	Trn Stim: blue congru B	n/a	n/a	S212
1107.2000000000	n/a	n/a	Trn Resp: right,correct	n/a	n/a	S102
1107.2740000000	n/a	n/a	FB: +1	n/a	n/a	S  8
1109.3580000000	n/a	n/a	Trn Stim: blue incongru D	n/a	n/a	S224
1110.0200000000	n/a	n/a	Trn Resp: right,correct	n/a	n/a	S102
1110.0920000000	n/a	n/a	FB: 0	n/a	n/a	S  9
1112.1780000000	n/a	n/a	Trn Stim: blue incongru B	n/a	n/a	S222
1112.7880000000	n/a	n/a	Trn Resp: right,correct	n/a	n/a	S102
1112.8620000000	n/a	n/a	FB: 0	n/a	n/a	S  9
1114.9460000000	n/a	n/a	Trn Stim: blue congru C	n/a	n/a	S213
1115.5040000000	n/a	n/a	Trn Resp: right,correct	n/a	n/a	S102
1115.5640000000	n/a	n/a	FB: 0	n/a	n/a	S  9
1117.6480000000	n/a	n/a	Trn Stim: yellow incongru A	n/a	n/a	S121
1118.4880000000	n/a	n/a	Trn Resp: left,correct	n/a	n/a	S101
1118.5500000000	n/a	n/a	FB: +1	n/a	n/a	S  8
1120.6340000000	n/a	n/a	Trn Stim: blue congru A	n/a	n/a	S211
1121.2360000000	n/a	n/a	Trn Resp: right,correct	n/a	n/a	S102
1121.3020000000	n/a	n/a	FB: +1	n/a	n/a	S  8
1123.3860000000	n/a	n/a	Trn Stim: yellow incongru D	n/a	n/a	S124
1124.1480000000	n/a	n/a	Trn Resp: left,correct	n/a	n/a	S101
1124.2200000000	n/a	n/a	FB: 0	n/a	n/a	S  9
1126.3060000000	n/a	n/a	Trn Stim: blue congru B	n/a	n/a	S212
1126.8960000000	n/a	n/a	Trn Resp: right,correct	n/a	n/a	S102
1126.9560000000	n/a	n/a	FB: +1	n/a	n/a	S  8
1129.0400000000	n/a	n/a	Trn Stim: blue incongru D	n/a	n/a	S224
1129.6840000000	n/a	n/a	Trn Resp: right,correct	n/a	n/a	S102
1129.7580000000	n/a	n/a	FB: 0	n/a	n/a	S  9
1131.8420000000	n/a	n/a	Trn Stim: blue congru C	n/a	n/a	S213
1132.3280000000	n/a	n/a	Trn Resp: right,correct	n/a	n/a	S102
1132.3940000000	n/a	n/a	FB: 0	n/a	n/a	S  9
1134.4780000000	n/a	n/a	Trn Stim: blue incongru B	n/a	n/a	S222
1135.0600000000	n/a	n/a	Trn Resp: right,correct	n/a	n/a	S102
1135.1280000000	n/a	n/a	FB: 0	n/a	n/a	S  9
1147.0380000000	n/a	n/a	Test Stim: BC	n/a	n/a	S 23
1149.5560000000	n/a	n/a	Test Resp: left,correct	n/a	n/a	S  1
1150.6240000000	n/a	n/a	Test Stim: CA	n/a	n/a	S 31
1151.8360000000	n/a	n/a	Test Resp: right,correct	n/a	n/a	S  2
1152.8920000000	n/a	n/a	Test Stim: BD	n/a	n/a	S 24
1154.5840000000	n/a	n/a	Test Resp: left,correct	n/a	n/a	S  1
1155.6440000000	n/a	n/a	Test Stim: BD	n/a	n/a	S 24
1158.8840000000	n/a	n/a	Test Resp: left,correct	n/a	n/a	S  1
1159.9480000000	n/a	n/a	Test Stim: BD	n/a	n/a	S 24
1162.6920000000	n/a	n/a	Test Resp: left,correct	n/a	n/a	S  1
1163.7500000000	n/a	n/a	Test Stim: DB	n/a	n/a	S 42
1166.2400000000	n/a	n/a	Test Resp: right,correct	n/a	n/a	S  2
1167.3040000000	n/a	n/a	Test Stim: AB	n/a	n/a	S 12
1168.2880000000	n/a	n/a	Test Resp: right,incorrect	n/a	n/a	S  4
1169.3560000000	n/a	n/a	Test Stim: AB	n/a	n/a	S 12
1171.1560000000	n/a	n/a	Test Resp: left,correct	n/a	n/a	S  1
1172.2240000000	n/a	n/a	Test Stim: CD	n/a	n/a	S 34
1173.6640000000	n/a	n/a	Test Resp: right,incorrect	n/a	n/a	S  4
1174.7260000000	n/a	n/a	Test Stim: BC	n/a	n/a	S 23
1176.2080000000	n/a	n/a	Test Resp: left,correct	n/a	n/a	S  1
1177.2780000000	n/a	n/a	Test Stim: DA	n/a	n/a	S 41
1178.7080000000	n/a	n/a	Test Resp: right,correct	n/a	n/a	S  2
1179.7620000000	n/a	n/a	Test Stim: AC	n/a	n/a	S 13
1181.5400000000	n/a	n/a	Test Resp: left,correct	n/a	n/a	S  1
1182.5980000000	n/a	n/a	Test Stim: DA	n/a	n/a	S 41
1185.4480000000	n/a	n/a	Test Resp: right,correct	n/a	n/a	S  2
1186.5180000000	n/a	n/a	Test Stim: AC	n/a	n/a	S 13
1188.1200000000	n/a	n/a	Test Resp: left,correct	n/a	n/a	S  1
1189.1860000000	n/a	n/a	Test Stim: DC	n/a	n/a	S 43
1191.0520000000	n/a	n/a	Test Resp: right,correct	n/a	n/a	S  2
1192.1220000000	n/a	n/a	Test Stim: CB	n/a	n/a	S 32
1194.7680000000	n/a	n/a	Test Resp: left,incorrect	n/a	n/a	S  3
1195.8260000000	n/a	n/a	Test Stim: CA	n/a	n/a	S 31
1197.2480000000	n/a	n/a	Test Resp: right,correct	n/a	n/a	S  2
1198.3100000000	n/a	n/a	Test Stim: BC	n/a	n/a	S 23
1200.0600000000	n/a	n/a	Test Resp: left,correct	n/a	n/a	S  1
1201.1300000000	n/a	n/a	Test Stim: BA	n/a	n/a	S 21
1202.3640000000	n/a	n/a	Test Resp: right,correct	n/a	n/a	S  2
1203.4320000000	n/a	n/a	Test Stim: CA	n/a	n/a	S 31
1204.3280000000	n/a	n/a	Test Resp: right,correct	n/a	n/a	S  2
1205.3820000000	n/a	n/a	Test Stim: CB	n/a	n/a	S 32
1207.3560000000	n/a	n/a	Test Resp: left,incorrect	n/a	n/a	S  3
1208.4180000000	n/a	n/a	Test Stim: CD	n/a	n/a	S 34
1210.8880000000	n/a	n/a	Test Resp: left,correct	n/a	n/a	S  1
1211.9540000000	n/a	n/a	Test Stim: DB	n/a	n/a	S 42
1213.8360000000	n/a	n/a	Test Resp: right,correct	n/a	n/a	S  2
1214.9060000000	n/a	n/a	Test Stim: DA	n/a	n/a	S 41
1215.8920000000	n/a	n/a	Test Resp: right,correct	n/a	n/a	S  2
1216.9580000000	n/a	n/a	Test Stim: AD	n/a	n/a	S 14
1218.0120000000	n/a	n/a	Test Resp: left,correct	n/a	n/a	S  1
1219.0760000000	n/a	n/a	Test Stim: AD	n/a	n/a	S 14
1220.4840000000	n/a	n/a	Test Resp: left,correct	n/a	n/a	S  1
1221.5460000000	n/a	n/a	Test Stim: DC	n/a	n/a	S 43
1222.9120000000	n/a	n/a	Test Resp: right,correct	n/a	n/a	S  2
1223.9800000000	n/a	n/a	Test Stim: AB	n/a	n/a	S 12
1224.9320000000	n/a	n/a	Test Resp: left,correct	n/a	n/a	S  1
1225.9980000000	n/a	n/a	Test Stim: CD	n/a	n/a	S 34
1227.8160000000	n/a	n/a	Test Resp: left,correct	n/a	n/a	S  1
1228.8840000000	n/a	n/a	Test Stim: BD	n/a	n/a	S 24
1230.6560000000	n/a	n/a	Test Resp: left,correct	n/a	n/a	S  1
1231.7200000000	n/a	n/a	Test Stim: AC	n/a	n/a	S 13
1233.0520000000	n/a	n/a	Test Resp: left,correct	n/a	n/a	S  1
1234.1220000000	n/a	n/a	Test Stim: CB	n/a	n/a	S 32
1235.9400000000	n/a	n/a	Test Resp: left,incorrect	n/a	n/a	S  3
1237.0060000000	n/a	n/a	Test Stim: BA	n/a	n/a	S 21
1238.1600000000	n/a	n/a	Test Resp: right,correct	n/a	n/a	S  2
1239.2260000000	n/a	n/a	Test Stim: AB	n/a	n/a	S 12
1240.6120000000	n/a	n/a	Test Resp: left,correct	n/a	n/a	S  1
1241.6780000000	n/a	n/a	Test Stim: CD	n/a	n/a	S 34
1243.0360000000	n/a	n/a	Test Resp: left,correct	n/a	n/a	S  1
1244.0960000000	n/a	n/a	Test Stim: CA	n/a	n/a	S 31
1245.2920000000	n/a	n/a	Test Resp: right,correct	n/a	n/a	S  2
1246.3480000000	n/a	n/a	Test Stim: BA	n/a	n/a	S 21
1247.2480000000	n/a	n/a	Test Resp: right,correct	n/a	n/a	S  2
1248.3160000000	n/a	n/a	Test Stim: DC	n/a	n/a	S 43
1249.6520000000	n/a	n/a	Test Resp: right,correct	n/a	n/a	S  2
1250.7180000000	n/a	n/a	Test Stim: DA	n/a	n/a	S 41
1251.9960000000	n/a	n/a	Test Resp: right,correct	n/a	n/a	S  2
1253.0520000000	n/a	n/a	Test Stim: DB	n/a	n/a	S 42
1254.9400000000	n/a	n/a	Test Resp: right,correct	n/a	n/a	S  2
1256.0040000000	n/a	n/a	Test Stim: DB	n/a	n/a	S 42
1257.9360000000	n/a	n/a	Test Resp: right,correct	n/a	n/a	S  2
1259.0080000000	n/a	n/a	Test Stim: AD	n/a	n/a	S 14
1260.4440000000	n/a	n/a	Test Resp: left,correct	n/a	n/a	S  1
1261.5100000000	n/a	n/a	Test Stim: BC	n/a	n/a	S 23
1263.4560000000	n/a	n/a	Test Resp: right,incorrect	n/a	n/a	S  4
1264.5120000000	n/a	n/a	Test Stim: AC	n/a	n/a	S 13
1266.3040000000	n/a	n/a	Test Resp: left,correct	n/a	n/a	S  1
1267.3640000000	n/a	n/a	Test Stim: BA	n/a	n/a	S 21
1268.3200000000	n/a	n/a	Test Resp: right,correct	n/a	n/a	S  2
1269.3820000000	n/a	n/a	Test Stim: AD	n/a	n/a	S 14
1270.5600000000	n/a	n/a	Test Resp: left,correct	n/a	n/a	S  1
1271.6160000000	n/a	n/a	Test Stim: DC	n/a	n/a	S 43
1272.9340000000	n/a	n/a	Test Resp: right,correct	n/a	n/a	S  2
1274.0020000000	n/a	n/a	Test Stim: CB	n/a	n/a	S 32
1275.6420000000	n/a	n/a	Test Resp: left,incorrect	n/a	n/a	S  3
1280.7060000000	n/a	n/a	Trn Stim: blue incongru A	n/a	n/a	S221
1282.1980000000	n/a	n/a	Trn Resp: left,incorrect	n/a	n/a	S103
1284.3100000000	n/a	n/a	Trn Stim: blue congru D	n/a	n/a	S214
1285.1020000000	n/a	n/a	Trn Resp: right,correct	n/a	n/a	S102
1285.1760000000	n/a	n/a	FB: 0	n/a	n/a	S  9
1287.2620000000	n/a	n/a	Trn Stim: yellow incongru C	n/a	n/a	S123
1287.9740000000	n/a	n/a	Trn Resp: left,correct	n/a	n/a	S101
1288.0460000000	n/a	n/a	FB: +1	n/a	n/a	S  8
1290.1300000000	n/a	n/a	Trn Stim: yellow incongru B	n/a	n/a	S122
1290.7740000000	n/a	n/a	Trn Resp: left,correct	n/a	n/a	S101
1290.8480000000	n/a	n/a	FB: 0	n/a	n/a	S  9
1292.9320000000	n/a	n/a	Trn Stim: yellow incongru A	n/a	n/a	S121
1294.0260000000	n/a	n/a	Trn Resp: left,correct	n/a	n/a	S101
1294.1000000000	n/a	n/a	FB: +1	n/a	n/a	S  8
1296.1860000000	n/a	n/a	Trn Stim: blue congru A	n/a	n/a	S211
1297.1820000000	n/a	n/a	Trn Resp: right,correct	n/a	n/a	S102
1297.2520000000	n/a	n/a	FB: +1	n/a	n/a	S  8
1299.3380000000	n/a	n/a	Trn Stim: yellow congru D	n/a	n/a	S114
1300.0580000000	n/a	n/a	Trn Resp: left,correct	n/a	n/a	S101
1300.1220000000	n/a	n/a	FB: 0	n/a	n/a	S  9
1302.2060000000	n/a	n/a	Trn Stim: blue congru C	n/a	n/a	S213
1303.2820000000	n/a	n/a	Trn Resp: right,correct	n/a	n/a	S102
1303.3400000000	n/a	n/a	FB: 0	n/a	n/a	S  9
1305.4260000000	n/a	n/a	Trn Stim: blue congru B	n/a	n/a	S212
1306.3660000000	n/a	n/a	Trn Resp: right,correct	n/a	n/a	S102
1306.4260000000	n/a	n/a	FB: +1	n/a	n/a	S  8
1308.5120000000	n/a	n/a	Trn Stim: yellow congru C	n/a	n/a	S113
1309.3220000000	n/a	n/a	Trn Resp: left,correct	n/a	n/a	S101
1309.3960000000	n/a	n/a	FB: 0	n/a	n/a	S  9
1311.4800000000	n/a	n/a	Trn Stim: blue congru D	n/a	n/a	S214
1312.1020000000	n/a	n/a	Trn Resp: right,correct	n/a	n/a	S102
1312.1640000000	n/a	n/a	FB: 0	n/a	n/a	S  9
1314.2500000000	n/a	n/a	Trn Stim: blue incongru A	n/a	n/a	S221
1314.8540000000	n/a	n/a	Trn Resp: right,correct	n/a	n/a	S102
1314.9160000000	n/a	n/a	FB: +1	n/a	n/a	S  8
1317.0020000000	n/a	n/a	Trn Stim: blue congru B	n/a	n/a	S212
1317.9340000000	n/a	n/a	Trn Resp: right,correct	n/a	n/a	S102
1318.0020000000	n/a	n/a	FB: +1	n/a	n/a	S  8
1320.0880000000	n/a	n/a	Trn Stim: yellow incongru A	n/a	n/a	S121
1320.7780000000	n/a	n/a	Trn Resp: left,correct	n/a	n/a	S101
1320.8380000000	n/a	n/a	FB: +1	n/a	n/a	S  8
1322.9220000000	n/a	n/a	Trn Stim: blue congru B	n/a	n/a	S212
1323.6380000000	n/a	n/a	Trn Resp: right,correct	n/a	n/a	S102
1323.7060000000	n/a	n/a	FB: +1	n/a	n/a	S  8
1325.7920000000	n/a	n/a	Trn Stim: blue congru D	n/a	n/a	S214
1326.3780000000	n/a	n/a	Trn Resp: right,correct	n/a	n/a	S102
1326.4420000000	n/a	n/a	FB: 0	n/a	n/a	S  9
1328.5260000000	n/a	n/a	Trn Stim: yellow incongru C	n/a	n/a	S123
1329.2500000000	n/a	n/a	Trn Resp: left,correct	n/a	n/a	S101
1329.3100000000	n/a	n/a	FB: +1	n/a	n/a	S  8
1331.3960000000	n/a	n/a	Trn Stim: blue incongru C	n/a	n/a	S223
1332.1420000000	n/a	n/a	Trn Resp: right,correct	n/a	n/a	S102
1332.2120000000	n/a	n/a	FB: +1	n/a	n/a	S  8
1334.2980000000	n/a	n/a	Trn Stim: blue congru A	n/a	n/a	S211
1334.8660000000	n/a	n/a	Trn Resp: right,correct	n/a	n/a	S102
1334.9320000000	n/a	n/a	FB: +1	n/a	n/a	S  8
1337.0160000000	n/a	n/a	Trn Stim: blue congru C	n/a	n/a	S213
1337.5100000000	n/a	n/a	Trn Resp: right,correct	n/a	n/a	S102
1337.5840000000	n/a	n/a	FB: 0	n/a	n/a	S  9
1339.6680000000	n/a	n/a	Trn Stim: yellow incongru D	n/a	n/a	S124
1340.4340000000	n/a	n/a	Trn Resp: left,correct	n/a	n/a	S101
1340.5020000000	n/a	n/a	FB: 0	n/a	n/a	S  9
1342.5880000000	n/a	n/a	Trn Stim: blue incongru D	n/a	n/a	S224
1343.2460000000	n/a	n/a	Trn Resp: right,correct	n/a	n/a	S102
1343.3040000000	n/a	n/a	FB: 0	n/a	n/a	S  9
1345.3900000000	n/a	n/a	Trn Stim: yellow incongru D	n/a	n/a	S124
1346.0060000000	n/a	n/a	Trn Resp: left,correct	n/a	n/a	S101
1346.0740000000	n/a	n/a	FB: 0	n/a	n/a	S  9
1348.1580000000	n/a	n/a	Trn Stim: yellow incongru B	n/a	n/a	S122
1348.8860000000	n/a	n/a	Trn Resp: left,correct	n/a	n/a	S101
1348.9600000000	n/a	n/a	FB: 0	n/a	n/a	S  9
1351.0440000000	n/a	n/a	Trn Stim: yellow incongru D	n/a	n/a	S124
1351.7260000000	n/a	n/a	Trn Resp: left,correct	n/a	n/a	S101
1351.7940000000	n/a	n/a	FB: 0	n/a	n/a	S  9
1353.8800000000	n/a	n/a	Trn Stim: blue incongru A	n/a	n/a	S221
1354.4980000000	n/a	n/a	Trn Resp: right,correct	n/a	n/a	S102
1354.5640000000	n/a	n/a	FB: +1	n/a	n/a	S  8
1356.6480000000	n/a	n/a	Trn Stim: blue incongru B	n/a	n/a	S222
1357.3500000000	n/a	n/a	Trn Resp: right,correct	n/a	n/a	S102
1357.4160000000	n/a	n/a	FB: 0	n/a	n/a	S  9
1359.5000000000	n/a	n/a	Trn Stim: blue congru D	n/a	n/a	S214
1360.0100000000	n/a	n/a	Trn Resp: right,correct	n/a	n/a	S102
1360.0680000000	n/a	n/a	FB: 0	n/a	n/a	S  9
1362.1520000000	n/a	n/a	Trn Stim: blue congru A	n/a	n/a	S211
1362.7820000000	n/a	n/a	Trn Resp: right,correct	n/a	n/a	S102
1362.8540000000	n/a	n/a	FB: +1	n/a	n/a	S  8
1364.9380000000	n/a	n/a	Trn Stim: yellow congru D	n/a	n/a	S114
1365.7220000000	n/a	n/a	Trn Resp: left,correct	n/a	n/a	S101
1365.7880000000	n/a	n/a	FB: 0	n/a	n/a	S  9
1367.8740000000	n/a	n/a	Trn Stim: yellow congru C	n/a	n/a	S113
1368.7060000000	n/a	n/a	Trn Resp: left,correct	n/a	n/a	S101
1368.7740000000	n/a	n/a	FB: 0	n/a	n/a	S  9
1370.8600000000	n/a	n/a	Trn Stim: blue congru A	n/a	n/a	S211
1371.3700000000	n/a	n/a	Trn Resp: right,correct	n/a	n/a	S102
1371.4420000000	n/a	n/a	FB: +1	n/a	n/a	S  8
1373.5280000000	n/a	n/a	Trn Stim: blue incongru C	n/a	n/a	S223
1374.0700000000	n/a	n/a	Trn Resp: right,correct	n/a	n/a	S102
1374.1280000000	n/a	n/a	FB: +1	n/a	n/a	S  8
1376.2140000000	n/a	n/a	Trn Stim: blue congru C	n/a	n/a	S213
1376.8660000000	n/a	n/a	Trn Resp: right,correct	n/a	n/a	S102
1376.9300000000	n/a	n/a	FB: 0	n/a	n/a	S  9
1379.0160000000	n/a	n/a	Trn Stim: yellow incongru A	n/a	n/a	S121
1380.0380000000	n/a	n/a	Trn Resp: left,correct	n/a	n/a	S101
1380.1000000000	n/a	n/a	FB: +1	n/a	n/a	S  8
1382.1840000000	n/a	n/a	Trn Stim: yellow congru A	n/a	n/a	S111
1383.2020000000	n/a	n/a	Trn Resp: left,correct	n/a	n/a	S101
1383.2680000000	n/a	n/a	FB: +1	n/a	n/a	S  8
1385.3540000000	n/a	n/a	Trn Stim: yellow congru A	n/a	n/a	S111
1386.3860000000	n/a	n/a	Trn Resp: left,correct	n/a	n/a	S101
1386.4540000000	n/a	n/a	FB: +1	n/a	n/a	S  8
1388.5400000000	n/a	n/a	Trn Stim: yellow congru B	n/a	n/a	S112
1389.5540000000	n/a	n/a	Trn Resp: left,correct	n/a	n/a	S101
1389.6240000000	n/a	n/a	FB: +1	n/a	n/a	S  8
1391.7080000000	n/a	n/a	Trn Stim: yellow congru B	n/a	n/a	S112
1392.5660000000	n/a	n/a	Trn Resp: left,correct	n/a	n/a	S101
1392.6260000000	n/a	n/a	FB: +1	n/a	n/a	S  8
1394.7100000000	n/a	n/a	Trn Stim: blue congru D	n/a	n/a	S214
1395.5620000000	n/a	n/a	Trn Resp: right,correct	n/a	n/a	S102
1395.6280000000	n/a	n/a	FB: 0	n/a	n/a	S  9
1397.7140000000	n/a	n/a	Trn Stim: blue incongru C	n/a	n/a	S223
1398.6580000000	n/a	n/a	Trn Resp: right,correct	n/a	n/a	S102
1398.7300000000	n/a	n/a	FB: +1	n/a	n/a	S  8
1400.8160000000	n/a	n/a	Trn Stim: blue incongru A	n/a	n/a	S221
1401.4860000000	n/a	n/a	Trn Resp: right,correct	n/a	n/a	S102
1401.5500000000	n/a	n/a	FB: +1	n/a	n/a	S  8
1403.6340000000	n/a	n/a	Trn Stim: yellow congru C	n/a	n/a	S113
1404.3780000000	n/a	n/a	Trn Resp: left,correct	n/a	n/a	S101
1404.4340000000	n/a	n/a	FB: 0	n/a	n/a	S  9
1406.5200000000	n/a	n/a	Trn Stim: blue incongru C	n/a	n/a	S223
1407.7060000000	n/a	n/a	Trn Resp: right,correct	n/a	n/a	S102
1407.7700000000	n/a	n/a	FB: +1	n/a	n/a	S  8
1409.8560000000	n/a	n/a	Trn Stim: blue congru A	n/a	n/a	S211
1410.5620000000	n/a	n/a	Trn Resp: right,correct	n/a	n/a	S102
1410.6240000000	n/a	n/a	FB: +1	n/a	n/a	S  8
1412.7080000000	n/a	n/a	Trn Stim: yellow congru A	n/a	n/a	S111
1413.4500000000	n/a	n/a	Trn Resp: left,correct	n/a	n/a	S101
1413.5080000000	n/a	n/a	FB: +1	n/a	n/a	S  8
1415.5940000000	n/a	n/a	Trn Stim: blue incongru B	n/a	n/a	S222
1416.9220000000	n/a	n/a	Trn Resp: right,correct	n/a	n/a	S102
1416.9940000000	n/a	n/a	FB: 0	n/a	n/a	S  9
1419.0800000000	n/a	n/a	Trn Stim: yellow congru B	n/a	n/a	S112
1419.8420000000	n/a	n/a	Trn Resp: left,correct	n/a	n/a	S101
1419.9140000000	n/a	n/a	FB: +1	n/a	n/a	S  8
1421.9980000000	n/a	n/a	Trn Stim: yellow incongru C	n/a	n/a	S123
1422.8700000000	n/a	n/a	Trn Resp: left,correct	n/a	n/a	S101
1422.9320000000	n/a	n/a	FB: +1	n/a	n/a	S  8
1425.0180000000	n/a	n/a	Trn Stim: blue congru C	n/a	n/a	S213
1425.7780000000	n/a	n/a	Trn Resp: right,correct	n/a	n/a	S102
1425.8340000000	n/a	n/a	FB: 0	n/a	n/a	S  9
1427.9200000000	n/a	n/a	Trn Stim: yellow congru D	n/a	n/a	S114
1428.5860000000	n/a	n/a	Trn Resp: left,correct	n/a	n/a	S101
1428.6540000000	n/a	n/a	FB: 0	n/a	n/a	S  9
1430.7380000000	n/a	n/a	Trn Stim: blue congru C	n/a	n/a	S213
1431.3620000000	n/a	n/a	Trn Resp: right,correct	n/a	n/a	S102
1431.4220000000	n/a	n/a	FB: 0	n/a	n/a	S  9
1433.5080000000	n/a	n/a	Trn Stim: blue incongru D	n/a	n/a	S224
1434.2380000000	n/a	n/a	Trn Resp: right,correct	n/a	n/a	S102
1434.3080000000	n/a	n/a	FB: 0	n/a	n/a	S  9
1436.3920000000	n/a	n/a	Trn Stim: yellow incongru D	n/a	n/a	S124
1437.0140000000	n/a	n/a	Trn Resp: left,correct	n/a	n/a	S101
1437.0760000000	n/a	n/a	FB: 0	n/a	n/a	S  9
1439.1620000000	n/a	n/a	Trn Stim: yellow congru A	n/a	n/a	S111
1440.3860000000	n/a	n/a	Trn Resp: left,correct	n/a	n/a	S101
1440.4460000000	n/a	n/a	FB: +1	n/a	n/a	S  8
1442.5300000000	n/a	n/a	Trn Stim: blue incongru C	n/a	n/a	S223
1443.6080000000	n/a	n/a	Trn Resp: right,correct	n/a	n/a	S102
1443.6820000000	n/a	n/a	FB: +1	n/a	n/a	S  8
1445.7660000000	n/a	n/a	Trn Stim: yellow congru A	n/a	n/a	S111
1447.0080000000	n/a	n/a	Trn Resp: left,correct	n/a	n/a	S101
1447.0680000000	n/a	n/a	FB: +1	n/a	n/a	S  8
1449.1520000000	n/a	n/a	Trn Stim: blue incongru B	n/a	n/a	S222
1450.1480000000	n/a	n/a	Trn Resp: right,correct	n/a	n/a	S102
1450.2200000000	n/a	n/a	FB: 0	n/a	n/a	S  9
1452.3040000000	n/a	n/a	Trn Stim: blue congru B	n/a	n/a	S212
1453.4160000000	n/a	n/a	Trn Resp: right,correct	n/a	n/a	S102
1453.4900000000	n/a	n/a	FB: +1	n/a	n/a	S  8
1455.5740000000	n/a	n/a	Trn Stim: yellow incongru C	n/a	n/a	S123
1456.2080000000	n/a	n/a	Trn Resp: left,correct	n/a	n/a	S101
1456.2740000000	n/a	n/a	FB: +1	n/a	n/a	S  8
1458.3600000000	n/a	n/a	Trn Stim: blue incongru B	n/a	n/a	S222
1459.0760000000	n/a	n/a	Trn Resp: right,correct	n/a	n/a	S102
1459.1440000000	n/a	n/a	FB: 0	n/a	n/a	S  9
1461.2280000000	n/a	n/a	Trn Stim: blue incongru B	n/a	n/a	S222
1462.0000000000	n/a	n/a	Trn Resp: right,correct	n/a	n/a	S102
1462.0620000000	n/a	n/a	FB: 0	n/a	n/a	S  9
1464.1480000000	n/a	n/a	Trn Stim: yellow congru D	n/a	n/a	S114
1464.9040000000	n/a	n/a	Trn Resp: left,correct	n/a	n/a	S101
1464.9640000000	n/a	n/a	FB: 0	n/a	n/a	S  9
1467.0500000000	n/a	n/a	Trn Stim: yellow incongru B	n/a	n/a	S122
1467.7960000000	n/a	n/a	Trn Resp: left,correct	n/a	n/a	S101
1467.8660000000	n/a	n/a	FB: 0	n/a	n/a	S  9
1469.9520000000	n/a	n/a	Trn Stim: yellow incongru A	n/a	n/a	S121
1470.7240000000	n/a	n/a	Trn Resp: left,correct	n/a	n/a	S101
1470.7860000000	n/a	n/a	FB: +1	n/a	n/a	S  8
1472.8700000000	n/a	n/a	Trn Stim: blue incongru D	n/a	n/a	S224
1473.5360000000	n/a	n/a	Trn Resp: right,correct	n/a	n/a	S102
1473.6040000000	n/a	n/a	FB: 0	n/a	n/a	S  9
1475.6900000000	n/a	n/a	Trn Stim: yellow incongru D	n/a	n/a	S124
1476.4680000000	n/a	n/a	Trn Resp: left,correct	n/a	n/a	S101
1476.5400000000	n/a	n/a	FB: 0	n/a	n/a	S  9
1478.6260000000	n/a	n/a	Trn Stim: yellow incongru A	n/a	n/a	S121
1479.2840000000	n/a	n/a	Trn Resp: left,correct	n/a	n/a	S101
1479.3420000000	n/a	n/a	FB: +1	n/a	n/a	S  8
1481.4280000000	n/a	n/a	Trn Stim: yellow congru C	n/a	n/a	S113
1482.0640000000	n/a	n/a	Trn Resp: left,correct	n/a	n/a	S101
1482.1280000000	n/a	n/a	FB: 0	n/a	n/a	S  9
1484.2120000000	n/a	n/a	Trn Stim: blue incongru D	n/a	n/a	S224
1484.8280000000	n/a	n/a	Trn Resp: right,correct	n/a	n/a	S102
1484.8960000000	n/a	n/a	FB: 0	n/a	n/a	S  9
1486.9820000000	n/a	n/a	Trn Stim: yellow incongru C	n/a	n/a	S123
1487.6560000000	n/a	n/a	Trn Resp: left,correct	n/a	n/a	S101
1487.7160000000	n/a	n/a	FB: +1	n/a	n/a	S  8
1489.8000000000	n/a	n/a	Trn Stim: blue incongru D	n/a	n/a	S224
1490.5880000000	n/a	n/a	Trn Resp: right,correct	n/a	n/a	S102
1490.6520000000	n/a	n/a	FB: 0	n/a	n/a	S  9
1492.7360000000	n/a	n/a	Trn Stim: yellow incongru B	n/a	n/a	S122
1493.3000000000	n/a	n/a	Trn Resp: left,correct	n/a	n/a	S101
1493.3700000000	n/a	n/a	FB: 0	n/a	n/a	S  9
1495.4540000000	n/a	n/a	Trn Stim: yellow congru B	n/a	n/a	S112
1496.2720000000	n/a	n/a	Trn Resp: left,correct	n/a	n/a	S101
1496.3380000000	n/a	n/a	FB: +1	n/a	n/a	S  8
1498.4240000000	n/a	n/a	Trn Stim: yellow incongru B	n/a	n/a	S122
1499.0080000000	n/a	n/a	Trn Resp: left,correct	n/a	n/a	S101
1499.0740000000	n/a	n/a	FB: 0	n/a	n/a	S  9
1501.1600000000	n/a	n/a	Trn Stim: yellow congru C	n/a	n/a	S113
1501.9640000000	n/a	n/a	Trn Resp: left,correct	n/a	n/a	S101
1502.0260000000	n/a	n/a	FB: 0	n/a	n/a	S  9
1504.1120000000	n/a	n/a	Trn Stim: yellow congru D	n/a	n/a	S114
1504.7320000000	n/a	n/a	Trn Resp: left,correct	n/a	n/a	S101
1504.7960000000	n/a	n/a	FB: 0	n/a	n/a	S  9
1506.8800000000	n/a	n/a	Trn Stim: yellow congru B	n/a	n/a	S112
1507.4440000000	n/a	n/a	Trn Resp: left,correct	n/a	n/a	S101
1507.5140000000	n/a	n/a	FB: +1	n/a	n/a	S  8
1509.5980000000	n/a	n/a	Trn Stim: blue incongru A	n/a	n/a	S221
1510.3480000000	n/a	n/a	Trn Resp: right,correct	n/a	n/a	S102
1510.4160000000	n/a	n/a	FB: +1	n/a	n/a	S  8
1512.5020000000	n/a	n/a	Trn Stim: blue congru B	n/a	n/a	S212
1513.4320000000	n/a	n/a	Trn Resp: right,correct	n/a	n/a	S102
1513.5020000000	n/a	n/a	FB: +1	n/a	n/a	S  8
1515.5860000000	n/a	n/a	Trn Stim: blue incongru A	n/a	n/a	S221
1516.2080000000	n/a	n/a	Trn Resp: right,correct	n/a	n/a	S102
1516.2700000000	n/a	n/a	FB: +1	n/a	n/a	S  8
1526.8460000000	n/a	n/a	Test Stim: DC	n/a	n/a	S 43
1528.6960000000	n/a	n/a	Test Resp: right,correct	n/a	n/a	S  2
1529.7640000000	n/a	n/a	Test Stim: BA	n/a	n/a	S 21
1530.9600000000	n/a	n/a	Test Resp: right,correct	n/a	n/a	S  2
1532.0160000000	n/a	n/a	Test Stim: DB	n/a	n/a	S 42
1533.6920000000	n/a	n/a	Test Resp: right,correct	n/a	n/a	S  2
1534.7520000000	n/a	n/a	Test Stim: AC	n/a	n/a	S 13
1536.8240000000	n/a	n/a	Test Resp: left,correct	n/a	n/a	S  1
1537.8880000000	n/a	n/a	Test Stim: DA	n/a	n/a	S 41
1539.1280000000	n/a	n/a	Test Resp: right,correct	n/a	n/a	S  2
1540.1900000000	n/a	n/a	Test Stim: AB	n/a	n/a	S 12
1541.6720000000	n/a	n/a	Test Resp: left,correct	n/a	n/a	S  1
1542.7420000000	n/a	n/a	Test Stim: AD	n/a	n/a	S 14
1544.0080000000	n/a	n/a	Test Resp: left,correct	n/a	n/a	S  1
1545.0760000000	n/a	n/a	Test Stim: BC	n/a	n/a	S 23
1547.0040000000	n/a	n/a	Test Resp: right,incorrect	n/a	n/a	S  4
1548.0620000000	n/a	n/a	Test Stim: CD	n/a	n/a	S 34
1549.4440000000	n/a	n/a	Test Resp: left,correct	n/a	n/a	S  1
1550.5140000000	n/a	n/a	Test Stim: BD	n/a	n/a	S 24
1551.9040000000	n/a	n/a	Test Resp: left,correct	n/a	n/a	S  1
1552.9660000000	n/a	n/a	Test Stim: CD	n/a	n/a	S 34
1554.2560000000	n/a	n/a	Test Resp: left,correct	n/a	n/a	S  1
1555.3180000000	n/a	n/a	Test Stim: DA	n/a	n/a	S 41
1556.2760000000	n/a	n/a	Test Resp: right,correct	n/a	n/a	S  2
1557.3360000000	n/a	n/a	Test Stim: BC	n/a	n/a	S 23
1559.6480000000	n/a	n/a	Test Resp: left,correct	n/a	n/a	S  1
1560.7040000000	n/a	n/a	Test Stim: DB	n/a	n/a	S 42
1561.9720000000	n/a	n/a	Test Resp: right,correct	n/a	n/a	S  2
1563.0400000000	n/a	n/a	Test Stim: AC	n/a	n/a	S 13
1564.5560000000	n/a	n/a	Test Resp: left,correct	n/a	n/a	S  1
1565.6260000000	n/a	n/a	Test Stim: AD	n/a	n/a	S 14
1566.5200000000	n/a	n/a	Test Resp: left,correct	n/a	n/a	S  1
1567.5760000000	n/a	n/a	Test Stim: DC	n/a	n/a	S 43
1568.8640000000	n/a	n/a	Test Resp: right,correct	n/a	n/a	S  2
1569.9280000000	n/a	n/a	Test Stim: CA	n/a	n/a	S 31
1571.3600000000	n/a	n/a	Test Resp: right,correct	n/a	n/a	S  2
1572.4300000000	n/a	n/a	Test Stim: AB	n/a	n/a	S 12
1573.4280000000	n/a	n/a	Test Resp: left,correct	n/a	n/a	S  1
1574.4980000000	n/a	n/a	Test Stim: DA	n/a	n/a	S 41
1575.3440000000	n/a	n/a	Test Resp: right,correct	n/a	n/a	S  2
1576.4000000000	n/a	n/a	Test Stim: BC	n/a	n/a	S 23
1578.0200000000	n/a	n/a	Test Resp: left,correct	n/a	n/a	S  1
1579.0860000000	n/a	n/a	Test Stim: CB	n/a	n/a	S 32
1581.0200000000	n/a	n/a	Test Resp: right,correct	n/a	n/a	S  2
1582.0880000000	n/a	n/a	Test Stim: AB	n/a	n/a	S 12
1583.5120000000	n/a	n/a	Test Resp: left,correct	n/a	n/a	S  1
1584.5740000000	n/a	n/a	Test Stim: CB	n/a	n/a	S 32
1586.4680000000	n/a	n/a	Test Resp: right,correct	n/a	n/a	S  2
1587.5260000000	n/a	n/a	Test Stim: BC	n/a	n/a	S 23
1589.4600000000	n/a	n/a	Test Resp: left,correct	n/a	n/a	S  1
1590.5280000000	n/a	n/a	Test Stim: AC	n/a	n/a	S 13
1591.5960000000	n/a	n/a	Test Resp: left,correct	n/a	n/a	S  1
1592.6620000000	n/a	n/a	Test Stim: AD	n/a	n/a	S 14
1593.4240000000	n/a	n/a	Test Resp: left,correct	n/a	n/a	S  1
1594.4800000000	n/a	n/a	Test Stim: AB	n/a	n/a	S 12
1595.2080000000	n/a	n/a	Test Resp: left,correct	n/a	n/a	S  1
1596.2660000000	n/a	n/a	Test Stim: AD	n/a	n/a	S 14
1597.1440000000	n/a	n/a	Test Resp: left,correct	n/a	n/a	S  1
1598.2000000000	n/a	n/a	Test Stim: BD	n/a	n/a	S 24
1599.7520000000	n/a	n/a	Test Resp: left,correct	n/a	n/a	S  1
1600.8200000000	n/a	n/a	Test Stim: BA	n/a	n/a	S 21
1601.7480000000	n/a	n/a	Test Resp: right,correct	n/a	n/a	S  2
1602.8040000000	n/a	n/a	Test Stim: AC	n/a	n/a	S 13
1603.7000000000	n/a	n/a	Test Resp: left,correct	n/a	n/a	S  1
1604.7560000000	n/a	n/a	Test Stim: CD	n/a	n/a	S 34
1606.7760000000	n/a	n/a	Test Resp: left,correct	n/a	n/a	S  1
1607.8420000000	n/a	n/a	Test Stim: DB	n/a	n/a	S 42
1609.1200000000	n/a	n/a	Test Resp: right,correct	n/a	n/a	S  2
1610.1760000000	n/a	n/a	Test Stim: DC	n/a	n/a	S 43
1611.4600000000	n/a	n/a	Test Resp: right,correct	n/a	n/a	S  2
1612.5280000000	n/a	n/a	Test Stim: BD	n/a	n/a	S 24
1613.7180000000	n/a	n/a	Test Resp: left,correct	n/a	n/a	S  1
1614.7800000000	n/a	n/a	Test Stim: DB	n/a	n/a	S 42
1615.6860000000	n/a	n/a	Test Resp: right,correct	n/a	n/a	S  2
1616.7480000000	n/a	n/a	Test Stim: BA	n/a	n/a	S 21
1617.6540000000	n/a	n/a	Test Resp: right,correct	n/a	n/a	S  2
1618.7160000000	n/a	n/a	Test Stim: BA	n/a	n/a	S 21
1619.3500000000	n/a	n/a	Test Resp: right,correct	n/a	n/a	S  2
1620.4180000000	n/a	n/a	Test Stim: CA	n/a	n/a	S 31
1621.2620000000	n/a	n/a	Test Resp: right,correct	n/a	n/a	S  2
1622.3180000000	n/a	n/a	Test Stim: DA	n/a	n/a	S 41
1623.1700000000	n/a	n/a	Test Resp: right,correct	n/a	n/a	S  2
1624.2380000000	n/a	n/a	Test Stim: DC	n/a	n/a	S 43
1625.6380000000	n/a	n/a	Test Resp: right,correct	n/a	n/a	S  2
1626.7060000000	n/a	n/a	Test Stim: CA	n/a	n/a	S 31
1627.4340000000	n/a	n/a	Test Resp: right,correct	n/a	n/a	S  2
1628.5060000000	n/a	n/a	Test Stim: CD	n/a	n/a	S 34
1630.0740000000	n/a	n/a	Test Resp: left,correct	n/a	n/a	S  1
1631.1420000000	n/a	n/a	Test Stim: CB	n/a	n/a	S 32
1632.8700000000	n/a	n/a	Test Resp: right,correct	n/a	n/a	S  2
1633.9280000000	n/a	n/a	Test Stim: CB	n/a	n/a	S 32
1635.1220000000	n/a	n/a	Test Resp: right,correct	n/a	n/a	S  2
1636.1800000000	n/a	n/a	Test Stim: BD	n/a	n/a	S 24
1637.6660000000	n/a	n/a	Test Resp: left,correct	n/a	n/a	S  1
1638.7320000000	n/a	n/a	Test Stim: CA	n/a	n/a	S 31
1639.4420000000	n/a	n/a	Test Resp: right,correct	n/a	n/a	S  2
1644.7700000000	n/a	n/a	Trn Stim: yellow congru A	n/a	n/a	S111
1646.3200000000	n/a	n/a	Trn No Response	n/a	n/a	S105
1648.4220000000	n/a	n/a	Trn Stim: yellow congru D	n/a	n/a	S114
1649.2780000000	n/a	n/a	Trn Resp: left,correct	n/a	n/a	S101
1649.3400000000	n/a	n/a	FB: 0	n/a	n/a	S  9
1651.4240000000	n/a	n/a	Trn Stim: yellow incongru B	n/a	n/a	S122
1652.1300000000	n/a	n/a	Trn Resp: left,correct	n/a	n/a	S101
1652.1920000000	n/a	n/a	FB: 0	n/a	n/a	S  9
1654.2760000000	n/a	n/a	Trn Stim: blue congru D	n/a	n/a	S214
1655.7980000000	n/a	n/a	Trn Resp: right,correct	n/a	n/a	S102
1655.8600000000	n/a	n/a	FB: 0	n/a	n/a	S  9
1657.9460000000	n/a	n/a	Trn Stim: yellow congru D	n/a	n/a	S114
1658.4860000000	n/a	n/a	Trn Resp: left,correct	n/a	n/a	S101
1658.5460000000	n/a	n/a	FB: 0	n/a	n/a	S  9
1660.6320000000	n/a	n/a	Trn Stim: yellow congru D	n/a	n/a	S114
1661.3100000000	n/a	n/a	Trn Resp: left,correct	n/a	n/a	S101
1661.3820000000	n/a	n/a	FB: 0	n/a	n/a	S  9
1663.4660000000	n/a	n/a	Trn Stim: blue incongru C	n/a	n/a	S223
1665.0160000000	n/a	n/a	Trn No Response	n/a	n/a	S105
1667.1200000000	n/a	n/a	Trn Stim: blue congru B	n/a	n/a	S212
1667.6860000000	n/a	n/a	Trn Resp: right,correct	n/a	n/a	S102
1667.7540000000	n/a	n/a	FB: +1	n/a	n/a	S  8
1669.8380000000	n/a	n/a	Trn Stim: blue congru D	n/a	n/a	S214
1670.3820000000	n/a	n/a	Trn Resp: right,correct	n/a	n/a	S102
1670.4560000000	n/a	n/a	FB: 0	n/a	n/a	S  9
1672.5400000000	n/a	n/a	Trn Stim: blue incongru A	n/a	n/a	S221
1673.3580000000	n/a	n/a	Trn Resp: right,correct	n/a	n/a	S102
1673.4240000000	n/a	n/a	FB: +1	n/a	n/a	S  8
1675.5100000000	n/a	n/a	Trn Stim: yellow congru A	n/a	n/a	S111
1676.2540000000	n/a	n/a	Trn Resp: left,correct	n/a	n/a	S101
1676.3260000000	n/a	n/a	FB: +1	n/a	n/a	S  8
1678.4120000000	n/a	n/a	Trn Stim: yellow incongru B	n/a	n/a	S122
1679.0740000000	n/a	n/a	Trn Resp: right,incorrect	n/a	n/a	S104
1681.1800000000	n/a	n/a	Trn Stim: blue incongru A	n/a	n/a	S221
1681.9900000000	n/a	n/a	Trn Resp: right,correct	n/a	n/a	S102
1682.0480000000	n/a	n/a	FB: +1	n/a	n/a	S  8
1684.1320000000	n/a	n/a	Trn Stim: blue congru D	n/a	n/a	S214
1684.7220000000	n/a	n/a	Trn Resp: right,correct	n/a	n/a	S102
1684.7840000000	n/a	n/a	FB: 0	n/a	n/a	S  9
1686.8680000000	n/a	n/a	Trn Stim: blue incongru B	n/a	n/a	S222
1687.4140000000	n/a	n/a	Trn Resp: right,correct	n/a	n/a	S102
1687.4860000000	n/a	n/a	FB: 0	n/a	n/a	S  9
1689.5700000000	n/a	n/a	Trn Stim: yellow incongru D	n/a	n/a	S124
1690.2700000000	n/a	n/a	Trn Resp: left,correct	n/a	n/a	S101
1690.3380000000	n/a	n/a	FB: 0	n/a	n/a	S  9
1692.4220000000	n/a	n/a	Trn Stim: blue incongru B	n/a	n/a	S222
1693.1060000000	n/a	n/a	Trn Resp: right,correct	n/a	n/a	S102
1693.1720000000	n/a	n/a	FB: 0	n/a	n/a	S  9
1695.2580000000	n/a	n/a	Trn Stim: blue congru A	n/a	n/a	S211
1696.3780000000	n/a	n/a	Trn Resp: right,correct	n/a	n/a	S102
1696.4420000000	n/a	n/a	FB: +1	n/a	n/a	S  8
1698.5260000000	n/a	n/a	Trn Stim: yellow congru C	n/a	n/a	S113
1699.7060000000	n/a	n/a	Trn Resp: left,correct	n/a	n/a	S101
1699.7780000000	n/a	n/a	FB: 0	n/a	n/a	S  9
1701.8620000000	n/a	n/a	Trn Stim: blue incongru C	n/a	n/a	S223
1702.8140000000	n/a	n/a	Trn Resp: right,correct	n/a	n/a	S102
1702.8800000000	n/a	n/a	FB: +1	n/a	n/a	S  8
1704.9660000000	n/a	n/a	Trn Stim: blue congru A	n/a	n/a	S211
1705.6460000000	n/a	n/a	Trn Resp: right,correct	n/a	n/a	S102
1705.7160000000	n/a	n/a	FB: +1	n/a	n/a	S  8
1707.8000000000	n/a	n/a	Trn Stim: yellow incongru B	n/a	n/a	S122
1708.4740000000	n/a	n/a	Trn Resp: left,correct	n/a	n/a	S101
1708.5340000000	n/a	n/a	FB: 0	n/a	n/a	S  9
1710.6200000000	n/a	n/a	Trn Stim: blue incongru C	n/a	n/a	S223
1711.3580000000	n/a	n/a	Trn Resp: right,correct	n/a	n/a	S102
1711.4200000000	n/a	n/a	FB: +1	n/a	n/a	S  8
1713.5060000000	n/a	n/a	Trn Stim: yellow incongru A	n/a	n/a	S121
1714.1780000000	n/a	n/a	Trn Resp: left,correct	n/a	n/a	S101
1714.2380000000	n/a	n/a	FB: +1	n/a	n/a	S  8
1716.3240000000	n/a	n/a	Trn Stim: blue incongru A	n/a	n/a	S221
1717.1020000000	n/a	n/a	Trn Resp: right,correct	n/a	n/a	S102
1717.1740000000	n/a	n/a	FB: +1	n/a	n/a	S  8
1719.2600000000	n/a	n/a	Trn Stim: yellow incongru C	n/a	n/a	S123
1719.9100000000	n/a	n/a	Trn Resp: left,correct	n/a	n/a	S101
1719.9760000000	n/a	n/a	FB: +1	n/a	n/a	S  8
1722.0620000000	n/a	n/a	Trn Stim: blue incongru D	n/a	n/a	S224
1722.7300000000	n/a	n/a	Trn Resp: right,correct	n/a	n/a	S102
1722.7960000000	n/a	n/a	FB: 0	n/a	n/a	S  9
1724.8800000000	n/a	n/a	Trn Stim: yellow congru D	n/a	n/a	S114
1725.5540000000	n/a	n/a	Trn Resp: left,correct	n/a	n/a	S101
1725.6140000000	n/a	n/a	FB: 0	n/a	n/a	S  9
1727.7000000000	n/a	n/a	Trn Stim: yellow incongru C	n/a	n/a	S123
1728.3220000000	n/a	n/a	Trn Resp: left,correct	n/a	n/a	S101
1728.3840000000	n/a	n/a	FB: +1	n/a	n/a	S  8
1730.4680000000	n/a	n/a	Trn Stim: yellow incongru A	n/a	n/a	S121
1731.1260000000	n/a	n/a	Trn Resp: left,correct	n/a	n/a	S101
1731.1860000000	n/a	n/a	FB: +1	n/a	n/a	S  8
1733.2700000000	n/a	n/a	Trn Stim: yellow congru B	n/a	n/a	S112
1734.1980000000	n/a	n/a	Trn Resp: left,correct	n/a	n/a	S101
1734.2700000000	n/a	n/a	FB: +1	n/a	n/a	S  8
1736.3560000000	n/a	n/a	Trn Stim: yellow congru D	n/a	n/a	S114
1737.0980000000	n/a	n/a	Trn Resp: left,correct	n/a	n/a	S101
1737.1560000000	n/a	n/a	FB: 0	n/a	n/a	S  9
1739.2420000000	n/a	n/a	Trn Stim: blue congru B	n/a	n/a	S212
1740.2420000000	n/a	n/a	Trn Resp: right,correct	n/a	n/a	S102
1740.3080000000	n/a	n/a	FB: +1	n/a	n/a	S  8
1742.3940000000	n/a	n/a	Trn Stim: blue congru B	n/a	n/a	S212
1743.0740000000	n/a	n/a	Trn Resp: right,correct	n/a	n/a	S102
1743.1440000000	n/a	n/a	FB: +1	n/a	n/a	S  8
1745.2300000000	n/a	n/a	Trn Stim: yellow incongru A	n/a	n/a	S121
1745.9220000000	n/a	n/a	Trn Resp: left,correct	n/a	n/a	S101
1745.9800000000	n/a	n/a	FB: +1	n/a	n/a	S  8
1748.0640000000	n/a	n/a	Trn Stim: yellow incongru A	n/a	n/a	S121
1748.9020000000	n/a	n/a	Trn Resp: left,correct	n/a	n/a	S101
1748.9660000000	n/a	n/a	FB: +1	n/a	n/a	S  8
1751.0500000000	n/a	n/a	Trn Stim: yellow congru A	n/a	n/a	S111
1751.7820000000	n/a	n/a	Trn Resp: left,correct	n/a	n/a	S101
1751.8520000000	n/a	n/a	FB: +1	n/a	n/a	S  8
1753.9360000000	n/a	n/a	Trn Stim: blue incongru A	n/a	n/a	S221
1754.6940000000	n/a	n/a	Trn Resp: right,correct	n/a	n/a	S102
1754.7540000000	n/a	n/a	FB: +1	n/a	n/a	S  8
1756.8380000000	n/a	n/a	Trn Stim: blue congru C	n/a	n/a	S213
1757.7540000000	n/a	n/a	Trn Resp: right,correct	n/a	n/a	S102
1757.8220000000	n/a	n/a	FB: 0	n/a	n/a	S  9
1759.9080000000	n/a	n/a	Trn Stim: yellow incongru D	n/a	n/a	S124
1760.7860000000	n/a	n/a	Trn Resp: left,correct	n/a	n/a	S101
1760.8580000000	n/a	n/a	FB: 0	n/a	n/a	S  9
1762.9420000000	n/a	n/a	Trn Stim: yellow congru C	n/a	n/a	S113
1763.4620000000	n/a	n/a	Trn Resp: left,correct	n/a	n/a	S101
1763.5260000000	n/a	n/a	FB: 0	n/a	n/a	S  9
1765.6120000000	n/a	n/a	Trn Stim: yellow incongru D	n/a	n/a	S124
1766.1940000000	n/a	n/a	Trn Resp: left,correct	n/a	n/a	S101
1766.2620000000	n/a	n/a	FB: 0	n/a	n/a	S  9
1768.3480000000	n/a	n/a	Trn Stim: blue congru C	n/a	n/a	S213
1768.9820000000	n/a	n/a	Trn Resp: right,correct	n/a	n/a	S102
1769.0480000000	n/a	n/a	FB: 0	n/a	n/a	S  9
1771.1320000000	n/a	n/a	Trn Stim: yellow congru B	n/a	n/a	S112
1771.7540000000	n/a	n/a	Trn Resp: left,correct	n/a	n/a	S101
1771.8160000000	n/a	n/a	FB: +1	n/a	n/a	S  8
1773.9020000000	n/a	n/a	Trn Stim: yellow incongru B	n/a	n/a	S122
1774.4980000000	n/a	n/a	Trn Resp: left,correct	n/a	n/a	S101
1774.5680000000	n/a	n/a	FB: 0	n/a	n/a	S  9
1776.6540000000	n/a	n/a	Trn Stim: yellow congru C	n/a	n/a	S113
1777.3020000000	n/a	n/a	Trn Resp: left,correct	n/a	n/a	S101
1777.3700000000	n/a	n/a	FB: 0	n/a	n/a	S  9
1779.4560000000	n/a	n/a	Trn Stim: blue congru B	n/a	n/a	S212
1779.9460000000	n/a	n/a	Trn Resp: right,correct	n/a	n/a	S102
1780.0060000000	n/a	n/a	FB: +1	n/a	n/a	S  8
1782.0900000000	n/a	n/a	Trn Stim: blue incongru A	n/a	n/a	S221
1782.7200000000	n/a	n/a	Trn Resp: right,correct	n/a	n/a	S102
1782.7920000000	n/a	n/a	FB: +1	n/a	n/a	S  8
1784.8760000000	n/a	n/a	Trn Stim: yellow congru C	n/a	n/a	S113
1785.5160000000	n/a	n/a	Trn Resp: left,correct	n/a	n/a	S101
1785.5760000000	n/a	n/a	FB: 0	n/a	n/a	S  9
1787.6620000000	n/a	n/a	Trn Stim: blue incongru D	n/a	n/a	S224
1788.3280000000	n/a	n/a	Trn Resp: right,correct	n/a	n/a	S102
1788.3960000000	n/a	n/a	FB: 0	n/a	n/a	S  9
1790.4800000000	n/a	n/a	Trn Stim: blue incongru B	n/a	n/a	S222
1791.0080000000	n/a	n/a	Trn Resp: right,correct	n/a	n/a	S102
1791.0820000000	n/a	n/a	FB: 0	n/a	n/a	S  9
1793.1660000000	n/a	n/a	Trn Stim: blue congru C	n/a	n/a	S213
1793.7240000000	n/a	n/a	Trn Resp: right,correct	n/a	n/a	S102
1793.7840000000	n/a	n/a	FB: 0	n/a	n/a	S  9
1795.8680000000	n/a	n/a	Trn Stim: yellow congru B	n/a	n/a	S112
1796.4080000000	n/a	n/a	Trn Resp: left,correct	n/a	n/a	S101
1796.4680000000	n/a	n/a	FB: +1	n/a	n/a	S  8
1798.5540000000	n/a	n/a	Trn Stim: blue congru C	n/a	n/a	S213
1799.2080000000	n/a	n/a	Trn Resp: right,correct	n/a	n/a	S102
1799.2700000000	n/a	n/a	FB: 0	n/a	n/a	S  9
1801.3560000000	n/a	n/a	Trn Stim: blue congru C	n/a	n/a	S213
1802.0360000000	n/a	n/a	Trn Resp: right,correct	n/a	n/a	S102
1802.1060000000	n/a	n/a	FB: 0	n/a	n/a	S  9
1804.1920000000	n/a	n/a	Trn Stim: yellow congru B	n/a	n/a	S112
1804.7320000000	n/a	n/a	Trn Resp: left,correct	n/a	n/a	S101
1804.7920000000	n/a	n/a	FB: +1	n/a	n/a	S  8
1806.8760000000	n/a	n/a	Trn Stim: blue congru B	n/a	n/a	S212
1807.4520000000	n/a	n/a	Trn Resp: right,correct	n/a	n/a	S102
1807.5100000000	n/a	n/a	FB: +1	n/a	n/a	S  8
1809.5960000000	n/a	n/a	Trn Stim: yellow incongru C	n/a	n/a	S123
1810.2440000000	n/a	n/a	Trn Resp: left,correct	n/a	n/a	S101
1810.3120000000	n/a	n/a	FB: +1	n/a	n/a	S  8
1812.3980000000	n/a	n/a	Trn Stim: yellow congru B	n/a	n/a	S112
1813.0960000000	n/a	n/a	Trn Resp: left,correct	n/a	n/a	S101
1813.1640000000	n/a	n/a	FB: +1	n/a	n/a	S  8
1815.2500000000	n/a	n/a	Trn Stim: yellow incongru B	n/a	n/a	S122
1815.8800000000	n/a	n/a	Trn Resp: left,correct	n/a	n/a	S101
1815.9500000000	n/a	n/a	FB: 0	n/a	n/a	S  9
1818.0360000000	n/a	n/a	Trn Stim: blue congru D	n/a	n/a	S214
1818.6440000000	n/a	n/a	Trn Resp: right,correct	n/a	n/a	S102
1818.7020000000	n/a	n/a	FB: 0	n/a	n/a	S  9
1820.7880000000	n/a	n/a	Trn Stim: blue incongru B	n/a	n/a	S222
1821.4080000000	n/a	n/a	Trn Resp: right,correct	n/a	n/a	S102
1821.4720000000	n/a	n/a	FB: 0	n/a	n/a	S  9
1823.5560000000	n/a	n/a	Trn Stim: yellow incongru D	n/a	n/a	S124
1824.1400000000	n/a	n/a	Trn Resp: left,correct	n/a	n/a	S101
1824.2060000000	n/a	n/a	FB: 0	n/a	n/a	S  9
1826.2920000000	n/a	n/a	Trn Stim: yellow congru A	n/a	n/a	S111
1827.1520000000	n/a	n/a	Trn Resp: left,correct	n/a	n/a	S101
1827.2260000000	n/a	n/a	FB: +1	n/a	n/a	S  8
1829.3100000000	n/a	n/a	Trn Stim: blue congru A	n/a	n/a	S211
1829.9080000000	n/a	n/a	Trn Resp: right,correct	n/a	n/a	S102
1829.9780000000	n/a	n/a	FB: +1	n/a	n/a	S  8
1832.0620000000	n/a	n/a	Trn Stim: blue incongru D	n/a	n/a	S224
1832.9480000000	n/a	n/a	Trn Resp: right,correct	n/a	n/a	S102
1833.0140000000	n/a	n/a	FB: 0	n/a	n/a	S  9
1835.0980000000	n/a	n/a	Trn Stim: blue congru A	n/a	n/a	S211
1835.6360000000	n/a	n/a	Trn Resp: right,correct	n/a	n/a	S102
1835.6980000000	n/a	n/a	FB: +1	n/a	n/a	S  8
1837.7840000000	n/a	n/a	Trn Stim: yellow incongru A	n/a	n/a	S121
1838.5120000000	n/a	n/a	Trn Resp: left,correct	n/a	n/a	S101
1838.5840000000	n/a	n/a	FB: +1	n/a	n/a	S  8
1840.6700000000	n/a	n/a	Trn Stim: yellow incongru C	n/a	n/a	S123
1841.3000000000	n/a	n/a	Trn Resp: left,correct	n/a	n/a	S101
1841.3700000000	n/a	n/a	FB: +1	n/a	n/a	S  8
1843.4540000000	n/a	n/a	Trn Stim: blue incongru D	n/a	n/a	S224
1844.1040000000	n/a	n/a	Trn Resp: right,correct	n/a	n/a	S102
1844.1720000000	n/a	n/a	FB: 0	n/a	n/a	S  9
1846.2560000000	n/a	n/a	Trn Stim: yellow congru A	n/a	n/a	S111
1846.9040000000	n/a	n/a	Trn Resp: left,correct	n/a	n/a	S101
1846.9740000000	n/a	n/a	FB: +1	n/a	n/a	S  8
1849.0580000000	n/a	n/a	Trn Stim: yellow congru C	n/a	n/a	S113
1850.4560000000	n/a	n/a	Trn Resp: left,correct	n/a	n/a	S101
1850.5260000000	n/a	n/a	FB: 0	n/a	n/a	S  9
1852.6120000000	n/a	n/a	Trn Stim: yellow incongru C	n/a	n/a	S123
1853.2480000000	n/a	n/a	Trn Resp: left,correct	n/a	n/a	S101
1853.3120000000	n/a	n/a	FB: +1	n/a	n/a	S  8
1855.3980000000	n/a	n/a	Trn Stim: blue incongru C	n/a	n/a	S223
1856.1520000000	n/a	n/a	Trn Resp: right,correct	n/a	n/a	S102
1856.2140000000	n/a	n/a	FB: +1	n/a	n/a	S  8
1858.3000000000	n/a	n/a	Trn Stim: blue congru A	n/a	n/a	S211
1858.9640000000	n/a	n/a	Trn Resp: right,correct	n/a	n/a	S102
1859.0340000000	n/a	n/a	FB: +1	n/a	n/a	S  8
1861.1180000000	n/a	n/a	Trn Stim: blue incongru D	n/a	n/a	S224
1861.7560000000	n/a	n/a	Trn Resp: right,correct	n/a	n/a	S102
1861.8180000000	n/a	n/a	FB: 0	n/a	n/a	S  9
1863.9040000000	n/a	n/a	Trn Stim: blue incongru C	n/a	n/a	S223
1864.4600000000	n/a	n/a	Trn Resp: right,correct	n/a	n/a	S102
1864.5200000000	n/a	n/a	FB: +1	n/a	n/a	S  8
1866.6060000000	n/a	n/a	Trn Stim: blue incongru B	n/a	n/a	S222
1867.2040000000	n/a	n/a	Trn Resp: right,correct	n/a	n/a	S102
1867.2720000000	n/a	n/a	FB: 0	n/a	n/a	S  9
1869.3580000000	n/a	n/a	Trn Stim: blue congru D	n/a	n/a	S214
1869.8480000000	n/a	n/a	Trn Resp: right,correct	n/a	n/a	S102
1869.9080000000	n/a	n/a	FB: 0	n/a	n/a	S  9
1871.9940000000	n/a	n/a	Trn Stim: yellow incongru D	n/a	n/a	S124
1872.5800000000	n/a	n/a	Trn Resp: left,correct	n/a	n/a	S101
1872.6440000000	n/a	n/a	FB: 0	n/a	n/a	S  9
1874.7280000000	n/a	n/a	Trn Stim: yellow congru A	n/a	n/a	S111
1875.5120000000	n/a	n/a	Trn Resp: left,correct	n/a	n/a	S101
1875.5800000000	n/a	n/a	FB: +1	n/a	n/a	S  8
1877.6640000000	n/a	n/a	Trn Stim: blue incongru C	n/a	n/a	S223
1878.2720000000	n/a	n/a	Trn Resp: right,correct	n/a	n/a	S102
1878.3320000000	n/a	n/a	FB: +1	n/a	n/a	S  8
1880.4160000000	n/a	n/a	Trn Stim: yellow incongru B	n/a	n/a	S122
1881.0640000000	n/a	n/a	Trn Resp: left,correct	n/a	n/a	S101
1881.1340000000	n/a	n/a	FB: 0	n/a	n/a	S  9
1890.7080000000	n/a	n/a	Test Stim: DA	n/a	n/a	S 41
1891.6600000000	n/a	n/a	Test Resp: right,correct	n/a	n/a	S  2
1892.7260000000	n/a	n/a	Test Stim: CA	n/a	n/a	S 31
1893.5680000000	n/a	n/a	Test Resp: right,correct	n/a	n/a	S  2
1894.6280000000	n/a	n/a	Test Stim: AC	n/a	n/a	S 13
1895.7160000000	n/a	n/a	Test Resp: left,correct	n/a	n/a	S  1
1896.7800000000	n/a	n/a	Test Stim: DC	n/a	n/a	S 43
1898.6280000000	n/a	n/a	Test Resp: right,correct	n/a	n/a	S  2
1899.6980000000	n/a	n/a	Test Stim: BC	n/a	n/a	S 23
1901.0000000000	n/a	n/a	Test Resp: right,incorrect	n/a	n/a	S  4
1902.0660000000	n/a	n/a	Test Stim: DB	n/a	n/a	S 42
1904.9320000000	n/a	n/a	Test Resp: right,correct	n/a	n/a	S  2
1906.0020000000	n/a	n/a	Test Stim: CA	n/a	n/a	S 31
1907.0200000000	n/a	n/a	Test Resp: right,correct	n/a	n/a	S  2
1908.0880000000	n/a	n/a	Test Stim: AC	n/a	n/a	S 13
1909.0160000000	n/a	n/a	Test Resp: left,correct	n/a	n/a	S  1
1910.0720000000	n/a	n/a	Test Stim: BC	n/a	n/a	S 23
1912.1320000000	n/a	n/a	Test Resp: right,incorrect	n/a	n/a	S  4
1913.1920000000	n/a	n/a	Test Stim: CD	n/a	n/a	S 34
1915.4000000000	n/a	n/a	Test Resp: left,correct	n/a	n/a	S  1
1916.4600000000	n/a	n/a	Test Stim: BC	n/a	n/a	S 23
1917.8600000000	n/a	n/a	Test Resp: right,incorrect	n/a	n/a	S  4
1918.9300000000	n/a	n/a	Test Stim: AC	n/a	n/a	S 13
1919.9520000000	n/a	n/a	Test Resp: left,correct	n/a	n/a	S  1
1921.0140000000	n/a	n/a	Test Stim: AD	n/a	n/a	S 14
1921.9400000000	n/a	n/a	Test Resp: left,correct	n/a	n/a	S  1
1923.0000000000	n/a	n/a	Test Stim: DB	n/a	n/a	S 42
1925.5800000000	n/a	n/a	Test Resp: right,correct	n/a	n/a	S  2
1926.6360000000	n/a	n/a	Test Stim: CB	n/a	n/a	S 32
1927.8280000000	n/a	n/a	Test Resp: right,correct	n/a	n/a	S  2
1928.8880000000	n/a	n/a	Test Stim: BA	n/a	n/a	S 21
1929.7720000000	n/a	n/a	Test Resp: right,correct	n/a	n/a	S  2
1930.8380000000	n/a	n/a	Test Stim: AD	n/a	n/a	S 14
1931.8040000000	n/a	n/a	Test Resp: left,correct	n/a	n/a	S  1
1932.8740000000	n/a	n/a	Test Stim: BD	n/a	n/a	S 24
1934.7800000000	n/a	n/a	Test Resp: left,correct	n/a	n/a	S  1
1935.8420000000	n/a	n/a	Test Stim: BC	n/a	n/a	S 23
1937.3000000000	n/a	n/a	Test Resp: right,incorrect	n/a	n/a	S  4
1938.3620000000	n/a	n/a	Test Stim: CB	n/a	n/a	S 32
1940.3200000000	n/a	n/a	Test Resp: left,incorrect	n/a	n/a	S  3
1941.3800000000	n/a	n/a	Test Stim: CD	n/a	n/a	S 34
1942.0720000000	n/a	n/a	Test Resp: left,correct	n/a	n/a	S  1
1943.1320000000	n/a	n/a	Test Stim: DA	n/a	n/a	S 41
1943.9680000000	n/a	n/a	Test Resp: right,correct	n/a	n/a	S  2
1945.0320000000	n/a	n/a	Test Stim: CA	n/a	n/a	S 31
1945.9600000000	n/a	n/a	Test Resp: right,correct	n/a	n/a	S  2
1947.0180000000	n/a	n/a	Test Stim: AB	n/a	n/a	S 12
1947.8940000000	n/a	n/a	Test Resp: left,correct	n/a	n/a	S  1
1948.9520000000	n/a	n/a	Test Stim: BA	n/a	n/a	S 21
1949.7220000000	n/a	n/a	Test Resp: right,correct	n/a	n/a	S  2
1950.7880000000	n/a	n/a	Test Stim: AB	n/a	n/a	S 12
1951.5220000000	n/a	n/a	Test Resp: left,correct	n/a	n/a	S  1
1952.5880000000	n/a	n/a	Test Stim: AB	n/a	n/a	S 12
1953.3020000000	n/a	n/a	Test Resp: left,correct	n/a	n/a	S  1
1954.3740000000	n/a	n/a	Test Stim: AC	n/a	n/a	S 13
1955.3580000000	n/a	n/a	Test Resp: left,correct	n/a	n/a	S  1
1956.4240000000	n/a	n/a	Test Stim: CD	n/a	n/a	S 34
1957.9020000000	n/a	n/a	Test Resp: left,correct	n/a	n/a	S  1
1958.9600000000	n/a	n/a	Test Stim: BA	n/a	n/a	S 21
1959.6340000000	n/a	n/a	Test Resp: right,correct	n/a	n/a	S  2
1960.6940000000	n/a	n/a	Test Stim: DA	n/a	n/a	S 41
1961.2580000000	n/a	n/a	Test Resp: right,correct	n/a	n/a	S  2
1962.3300000000	n/a	n/a	Test Stim: AD	n/a	n/a	S 14
1963.0700000000	n/a	n/a	Test Resp: left,correct	n/a	n/a	S  1
1964.1300000000	n/a	n/a	Test Stim: DA	n/a	n/a	S 41
1964.6660000000	n/a	n/a	Test Resp: right,correct	n/a	n/a	S  2
1965.7320000000	n/a	n/a	Test Stim: AD	n/a	n/a	S 14
1966.3660000000	n/a	n/a	Test Resp: left,correct	n/a	n/a	S  1
1967.4340000000	n/a	n/a	Test Stim: BA	n/a	n/a	S 21
1968.0540000000	n/a	n/a	Test Resp: right,correct	n/a	n/a	S  2
1969.1180000000	n/a	n/a	Test Stim: CA	n/a	n/a	S 31
1969.7380000000	n/a	n/a	Test Resp: right,correct	n/a	n/a	S  2
1970.8020000000	n/a	n/a	Test Stim: BD	n/a	n/a	S 24
1972.4380000000	n/a	n/a	Test Resp: left,correct	n/a	n/a	S  1
1973.5040000000	n/a	n/a	Test Stim: DC	n/a	n/a	S 43
1974.7020000000	n/a	n/a	Test Resp: right,correct	n/a	n/a	S  2
1975.7720000000	n/a	n/a	Test Stim: BD	n/a	n/a	S 24
1977.4780000000	n/a	n/a	Test Resp: left,correct	n/a	n/a	S  1
1978.5420000000	n/a	n/a	Test Stim: DB	n/a	n/a	S 42
1979.6820000000	n/a	n/a	Test Resp: left,incorrect	n/a	n/a	S  3
1980.7440000000	n/a	n/a	Test Stim: BD	n/a	n/a	S 24
1982.2780000000	n/a	n/a	Test Resp: right,incorrect	n/a	n/a	S  4
1983.3460000000	n/a	n/a	Test Stim: CB	n/a	n/a	S 32
1984.2940000000	n/a	n/a	Test Resp: left,incorrect	n/a	n/a	S  3
1985.3640000000	n/a	n/a	Test Stim: CD	n/a	n/a	S 34
1986.6780000000	n/a	n/a	Test Resp: left,correct	n/a	n/a	S  1
1987.7480000000	n/a	n/a	Test Stim: AB	n/a	n/a	S 12
1988.7060000000	n/a	n/a	Test Resp: left,correct	n/a	n/a	S  1
1989.7680000000	n/a	n/a	Test Stim: DC	n/a	n/a	S 43
1990.5220000000	n/a	n/a	Test Resp: right,correct	n/a	n/a	S  2
1991.5860000000	n/a	n/a	Test Stim: CB	n/a	n/a	S 32
1992.4220000000	n/a	n/a	Test Resp: left,incorrect	n/a	n/a	S  3
1993.4860000000	n/a	n/a	Test Stim: DB	n/a	n/a	S 42
1995.7740000000	n/a	n/a	Test Resp: right,correct	n/a	n/a	S  2
1996.8400000000	n/a	n/a	Test Stim: DC	n/a	n/a	S 43
1998.3620000000	n/a	n/a	Test Resp: right,correct	n/a	n/a	S  2
